ID	colors	Folio	Scholia	Number or attribution	Biblical verse	Number of scholia per biblical verse	Identification	Notes
1	Orange	3r	1	α´	Rom 1:1 (I)	1	Unattributed 	
2		3r	1Ph	Φωτ(ίου)	Rom 1:1 (I)	2	Phot., fr. Rom. (CPG C165.3): Staab, 1933, 470 (Rom 1:1)	
3		3r	2	β´	Rom 1:1 (II)	3	Unattributed	
4		3r	3	γ´	Rom 1:1 (III)	4	Unattributed	
5		3r	4	δ´	Rom 1:1 (IV)	5	Unattributed	
6		3r	5	ε´	Rom 1:1 (V) 	6	Unattributed	
7		3r	5Ph	Φωτ(ίου) and sign 	Rom 1:1 (VI) 	7	Phot., fr. Rom. (CPG C165.3): Staab, 1933, 470, (Rom 1:2)	
8		3r	6	ϛ´	Rom 1:1 (VI)	8	Unattributed	
9	Orange	3r	7	ζ´	Rom 1:2  	1	Unattributed	
10	Orange	3r	7Ph	Sign	Rom 1:3 (I)	1	Phot., fr. Rom. (CPG C165.3): Staab, 1933, 470, 15-17 	
11		3r	8	η´ 	Rom 1:3 (II) 	2	Unattributed	
12	Orange	3r	9	θ´	Rom 1:4 (I) 	1	Unattributed	
13		3r	9Ph	Φωτ(ίου) and sign 	Rom 1:4 (I) 	2	Phot., fr. Rom. (CPG C165.3): Staab, 1933, 470, 18–27, 471, 1–11	
14		3v	10	ι´	Rom 1:4 (II) 	3	Unattributed	
15		3v	11	ια´	Rom 1:4 (III)	4	Unattributed	
16		3v	12	ιβ´	Rom 1:4 (IV)	5	Unattributed	
17	Orange	3v	12Ph	Φωτ(ίου) and sign 	Rom 1:5 (I)	1	Phot., fr. Rom. (CPG C165.3): Staab, 1933, 471, 12–14	
18		3v	13	ιγ´	Rom 1:5 (Ia)	2	Unattributed	
19		3v	14	ιδ´	Rom 1:5 (Ib)	3	Unattributed	
20		3v	14Ph	Φωτ(ίου)	Rom 1:5 (II)	4	Phot., fr. Rom. (CPG C165.3); Staab, 1933, 471, 15–19	
21		3v	15	ιε´	Rom 1:5 (II)	5	Unattributed	
22		3v	16	ιϛ´	Rom 1:5 (III)	6	Unattributed	
23		3v	17	ιζ´	Rom 1:5 (IV)	7	Unattributed	
24	Orange	3v	18	ιη´	Rom 1:6	1	Unattributed	
25	Orange	3v	19	ιθ´	Rom 1:7 (I)	1	Unattributed	
26		3v	20	κ´	Rom 1:7 (II)	2	Unattributed	
27		3v	21	κα´ 	Rom 1:7 (III)	3	Unattributed	
28		3v	21Pha	Φωτ(ίου) and sign 	Rom 1:7 (III)	4	Phot., fr. Rom. (CPG C165.3): Staab, 1933, 471, 27–31	
29		3v	21Phb	Φωτ(ίου) and sign 	Rom 1:7 (IV)	5	Phot., fr. Rom. (CPG C165.3): Staab, 1933, 471, 20–26	
30		4r	22	κβ´	Rom 1:7 (V)	6	Unattributed	
31		4r	23	κγ´	Rom 1:7 (VI)	7	Unattributed	
32	Orange	4r	24	κδ´	Rom 1:8 (I)	1	Unattributed	
33		4r	25	κε´ 	Rom 1:8 (II)	2	Unattributed	
34		4r	26	κϛ´	Rom 1:8 (III)	3	Unattributed	
35		4r	27	κζ´	Rom 1:8 (IV)	4	Unattributed	
36	Orange	4r	28	κη´	Rom 1:9 (I)	1	Unattributed	
37		4r	29	κθ´	Rom 1:9 (II)	2	Unattributed	
38		4r	30	λ´	Rom 1:9 (III)	3	Unattributed	
39		4r	31	λα´ 	Rom 1:9 (IV)	4	Unattributed	
40	Orange	4r	32	λβ´	Rom 1:9–10 	1	Unattributed	
41	Orange	4r	33	λγ´	Rom 1:10 (I)	1	Unattributed	
42		4r	34	λδ´	Rom 1:10 (II)	2	Unattributed	
43	Orange	4r	35	λε´	Rom 1:11 (I)	1	Unattributed	
44		4r	36	λϛ´	Rom 1:11 (II)	2	Unattributed	
45		4r	37	λζ´	Rom 1:11 (III)	3	Unattributed	
46		4v	37Ph	Φωτ(ίου)	Rom 1:11 (IV)	4	Phot., fr. Rom. (CPG C165.3): Staab, 1933, 471, 32–33, 472, 1–21	
47	Orange	4v	38	λη´	Rom 1:12 (I)	1	Unattributed	
48		4v	38Ph	Φωτ(ίου)	Rom 1:12 (Ib)	2	Phot., fr. Rom. (CPG C165.3): Staab, 1933, 472, 22–38	
49	Orange	5r	39	μ´	Rom 1:13 (I)	1	Unattributed	
50		5r	40	μα´ 	Rom 1:13 (III)	2	Unattributed	
51		5r	41	–	Rom 1:13 (IV)	3	Unattributed	
52		5r	41Ph	Φωτ(ίου) 	Rom 1:13 (IV)	4	Phot., fr. Rom. (CPG C165.3): Staab, 1933, 473‒474 (Rom 1:13‒14)	
53		5v	42	μγ´ 	Rom 1:13 (V)	5	Unattributed	
54	Orange	5v	43	μδ´	Rom 1:14 (I)	1	Unattributed	
55		5v	44	με´	Rom 1:14 (II)	2	Unattributed	
56	Orange	5v	45	μϛ´	Rom 1:15	1	Unattributed	
57	Orange	5v	46	μζ´	Rom 1:16 (I)	1	Unattributed	
58		5v	46ex	Καὶ ἄλλως 	Rom 1:16 (II)	2	Unattributed 	
59		5v	47	μη´	Rom 1:16 (II)	3	Unattributed	
60		5v	47Ph	Φωτ(ίου) 	Rom 1:16 (III)	4	Phot., fr. Rom. (CPG C165.3): Staab, 1933, 474, 13–19	
61		5v	48	μθ´	Rom 1:16 (IV)	5	Unattributed	
62	Orange	6r	49	ν´	Rom 1:17 (I)	1	Unattributed	
63		6r	49Ph	Φωτ(ίου) 	Rom 1:17 (I)	2	Phot., fr. Rom. (CPG C165.3): Staab, 1933, 474, 20–35; 475, 1–2	
64		6r	50	να´	Rom 1:17 (II)	3	Unattributed	
65		6r	50Pha	Φωτ(ίου) 	Rom 1:17 (III)	4	Phot., fr. Rom. (CPG C165.3): Staab, 1933, 475, 3–5	
66		6r–v	50Phb	Φωτ(ίου) 	Rom 1:17 (III)	5	Phot., fr. Rom. (CPG C165.3): Staab, 1933, 475, 6–39; 476, 1–35	
67		6v	51	νβ´	Rom 1:17 (III)	6	Unattributed	
68		6v	51exa	Τοῦ αὐτοῦ	Rom 1:17 (III)	7	Thdt., Rom., I, 17 (CPG 6209): Lorrain, 2015a, 151.17, 1–2	
69		6v	51exb	Ἄλλως	Rom 1:17 (III)	8	Thdt., Rom., I, 17 (CPG 6209): Lorrain, 2015a, 151.17, 3–6	
70		6v	51exc	Ἀκακίου	Rom 1:17 (III)	9	Acac. Caes., fr. Rom. (CPG 3511): Staab, 1933, 53, 5–7	
71		6v	52	νγ´	Rom 1:17 (IV)	10	Unattributed	
72	Orange	6v	53	νδ´ 	Rom 1:18 (I)	1	Unattributed	
73		6v	54	νε´	Rom 1:18 (II)	2	Unattributed	
74		7r	55	νϛ´	Rom 1:18 (III))	3	Unattributed	
75		7r	55Ph	Φωτ(ίου) 	Rom 1:18 (III)	4	Phot., fr. Rom. (CPG C165.3): Staab, 1933, 476, 36–37, 477, 1–6	
76	Orange	7r	56	νζ´	Rom 1:19 (I)	1	Unattributed	
77		7r	56Ph	–	Rom 1:19 (I)	2	Phot., fr. Rom. (CPG C165.3): Staab, 1933, 477, 7–8	
78		7r	57	νη´	Rom 1:19 (II)	3	Unattributed	
79		7r	58	νθ´	Rom 1:19 (III)	4	Unattributed	
80	Orange	7r	59	ξ´	Rom 1:20 (I)	1	Unattributed	
81		7r	59Ph	Φωτ(ίου) 	Rom 1:20 (I)	2	Phot., fr. Rom. (CPG C165.3): Staab, 1933, 477, 9–17	
82		7r	60	ξα´	Rom 1:20 (II)	3	Unattributed	
83		7v	60ex	Κυ(ρ)ί(λλου) and sign 	Rom 1:20 (III)	4	Cyr., Rom. (CPG 5209): Pusey, 1872, 176, 6–9	
84		7v	60Ph	Φωτ(ίου) and sign 	Rom 1:20 (III)	5	Phot., fr. Rom. (CPG C165.3): Staab, 1933, 477, 18–37, 478, 1–29	
85		7v	61	ξβ´	Rom 1:20 (IV)	6	Unattributed	
86		7v	62	ξγ´	Rom 1:20 (V)	7	Unattributed	
87	Orange	8r	63	ξδ´	Rom 1:21 (I)	1	Unattributed	
88		8r	63Pha	Φωτ(ίου) 	Rom 1:21 (I)	2	Phot., fr. Rom. (CPG C165.3): Staab, 1933, 478, 30–31	
89		8r	63Phb	Φωτ(ίου) 	Rom 1:21 (I)	3	Phot., fr. Rom. (CPG C165.3): Staab, 1933, 478, 32–38; 479, 1–19	
90		8r	64	ξε´	Rom 1:21 (II)	4	Unattributed	
91		8r	65Ph	ξϛ´/Φωτ(ίου) ? and sign 	Rom 1:21 (III)	5	Phot., fr. Rom. (CPG C165.3): Staab, 1933, 479, 30–38	
92		8r	66	ξζ´ 	Rom 1:21 (III)	6	Unattributed	
93		8r	67	ξη´	Rom 1:21 (IV)	7	Unattributed	
94	Orange	8r	68	ξθ´	Rom 1:22 (I)	1	Unattributed	
95		8v	69	ξθ´	Rom 1:22 (II)	2	Unattributed	
96	Orange	8v	70	ο´	Rom 1:23 (I)	1	Unattributed	
97		8v	71	οα´ 	Rom 1:23 (II)	2	Unattributed	
98	Orange	8v	72	οβ´	Rom 1:24 (I)	1	Unattributed	
99		8v	72Pha	Φωτ(ίου) and sign 	Rom 1:24 (I)	2	Phot., fr. Rom. (CPG C165.3): Staab, 1933, 479, 20–29	
100		8v	72Phb 	—	Rom 1:24 (I)	3	Phot., fr. Rom. (CPG C165.3): Staab, 1933, 480 (Rom 1:28)	
101		8v	72ex	Οἰκουμε(ν)ί(ου)	Rom 1:24 (I)	4	Oec., Rom.‒Heb. (CPG 7471): Staab, 1933, 423, 1–2	
102	Orange	8v	73	ογ´	Rom 1:25 (I)	1	Unattributed	
103		9r	74	οδ´	Rom 1:25 (II)	2	Unattributed	
104		9r	74exa	Σευηρι(ανοῦ) and sign 	Rom 1:25 (II)	3	Thdt., Rom., I, 36 (CPG 6209): Lorrain, 2015a, 159.25, 4–6	
105		9r	74exb 	Θεοδω(ρήτου)	Rom 1:25 (II)	4	Sever., Rom.‒Heb. (CPG 4219): Staab, 1933, 214, 16–17	
106		9r	75	οε´ 	Rom 1:25 (III)	5	Unattributed	
107		9r	76	οϛ´	Rom 1:25 (IV)	6	Unattributed	
108		9r	77	οζ´	Rom 1:25 (IV)	7	Unattributed	
109	Orange	9r	78	οη´	Rom 1:26	1	Unattributed	
110	Orange	9r	79	οθ´	Rom 1:27 (I)	1	Unattributed	
111		9r	80	π´	Rom 1:27 (II)	2	Unattributed	
112		9r	81	πα´	Rom 1:27 (III)	3	Unattributed	
113		9r	82	πβ´	Rom 1:27 (IV)	4	Unattributed	
114		9v	83	πγ´	Rom 1:27 (V)	5	Unattributed	
115		9v	84	πδ´	Rom 1:27 (VI)	6	Unattributed	The number is present only in front of the scholium.
116		9v	85	πε´	Rom 1:27 (VII)	7	Unattributed	
117	Orange	9v	86	πϛ´	Rom 1:28 (I)	1	Unattributed	 The number is present only in front of the scholium.
118		9v	87	πζ´	Rom 1:28 (II)	2	Unattributed	
119		9v	88	πη´	Rom 1:28 (III)	3	Unattributed	
120	Orange	9v	89	πθ´	Rom 1:29 (I)	1	Unattributed	
121	Green	9v	89ex 	Γενναδίου and sign 	Rom 1:29–31 (I)	2	Genn., fr. Rom. (CPG 5973): Staab, 1933, 359, 26–29, 360, 1–18	
122	Orange	10r	90	ϟ´	Rom 1:30 (I)	1	Unattributed	
123		10r	91	ϟα´	Rom 1:30 (II)	2	Unattributed	
124	Orange	10r	92	ϟβ´	Rom 1:31	1	Unattributed	
125	Orange	10r	93	ϟγ´	Rom 1:32 (I)	1	Unattributed	
126		10r	93Ph	Φωτ(ίου) and sign 	Rom 1:32 (I)	2	Phot., fr. Rom. (CPG C165.3): Staab, 1933, 480 (Rom 1:29‒32)	
127		10r	94	ϟδ´	Rom 1:32 (II)	3	Unattributed	
128		10r	95	ϟε´ 	Rom 1:32 (III)	4	Unattributed	
129		10r	95ex 	Ἰσιδώρου/Φωτ(ίου) ? And sign 	Rom 1:32 (III)	5	Isid. Pel., epp. (CPG 5557): Évieux, 1997, 224–227	
130	Orange	10v	96	ϟϛ´	Rom 2:1 (I)	1	Unattributed	
131		10v	96Ph	Φωτ(ίου) 	Rom 2:1 (I)	2	Phot., fr. Rom. (CPG C165.3): Staab, 1933, 480 (Rom 2:1‒5)	
132		10v	97	ϟζ´	Rom 2:1 (II)	1	Unattributed	
133	Orange	10v	98	ϟη´	Rom 2:2	1	Unattributed	
134	Orange	10v	99	ϟθ´	Rom 2:3	1	Unattributed	
135	Orange	11r	100	ρ´	Rom 2:4 (I)	1	Unattributed	
136		11r	101	α´ 	Rom 2:4 (II)	2	Unattributed	
137	Orange	11r	102	β´	Rom 2:5 (I)	1	Unattributed	
138		11r	103	γ´	Rom 2:5 (II)	2	Unattributed	
139		11r	104	δ´	Rom 2:5 (III)	3	Unattributed	
140		11r	105ex 	ε´ and Οἰκουμενίου	Rom 2:5 (IV)	4	Oec., Rom.‒Heb. (CPG 7471): Staab, 1933, 423, 3	
141	Orange	11r	106	ϛ´	Rom 2:7 (I)	1	Unattributed	
142	Green	11r	106Ph	Φωτ(ίου) and sign 	Rom 2:6 (I)	1	Phot., fr. Rom. (CPG C165.3): Staab, 1933, 480 (Rom 2:6‒8)	
143		11r	107	ζ´	Rom 2:7 (II)	2	Unattributed	
144		11r	108	η´	Rom 2:7 (III)	3	Unattributed	
145	Orange	11r	109	θ´	Rom 2:8 (I)	1	Unattributed	
146		11r	110ex 	ι´ and Οἰκουμενί(ου)	Rom 2:8 (II)	2	Oec., Rom.‒Heb. (CPG 7471): Staab, 1933, 423, 4	
147		11r	110	ι´	Rom 2:8 (III)	3	Unattributed	
148	Orange	11v	111	ια´ 	Rom 2:9 (I)	1	Unattributed	
149		11v	112	ιβ´	Rom 2:9 (II)	2	Unattributed	
150		11v	113ex 	ιγ´ and Οἰκουμενί(ου)	Rom 2:9 (III)	3	Oec., Rom.‒Heb. (CPG 7471): Staab, 1933, 423, 4	
151	Orange	11v	114	ιδ´ 	Rom 2:10 (I)	1	Unattributed	
152		11v	115	ιε´	Rom 2:10 (II)	2	Unattributed	
153		11v	116	ιϛ´	Rom 2:10 (III)	3	Unattributed	
154	Orange	11v	117	ιζ´	Rom 2:11	1	Unattributed	
155		11v	118	ιη´	Rom 2:11 (II)	1	Unattributed	
156	Orange	11v	118exa	–	Rom 2:12 (I)	1	Unattributed 	
157		11v	118exb	–	Rom 2:12 (I)	2	Chrys., hom 1‒32 in Rom. (CPG 4427), hom. 5: Field, 1854, 63, E 9–A 6, or Jo. D., Rom.‒Philm. (CPG 8079): Volk, 2013, 35, 311–316	
158	Green	11v	118exc	–	Rom 2:12 (Acts?) 	3	Or., fr. in Rom. (CPG 1457.2): Hammond-Bammel, 1998, 130, 1–11:	
159	Orange	12r	119	ιθ´	Rom 2:13	1	Unattributed 	
160	Orange	12r	120	κ´	Rom 2:14 (I)	1	Unattributed 	
161		12r	120ex	Ἰωάννου and sign 	Rom 2:14 (I)	2	Chrys., hom 1‒32 in Rom. (CPG 4427), hom. 5: Field, 1854, 64, D 4	
162	Orange	12r	121	κα´ 	Rom 2:14	1	Unattributed	
163	Orange	12r	122	κβ´	Rom 2:15 (I)	1	Unattributed	
164		12r	123	κγ´	Rom 2:15 (II)	2	Unattributed	
165	Orange	12r	124	κδ´ 	Rom 2:15 (I)	1	Unattributed	
166		12rv	124Ph	Φωτ(ίου) and sign 	Rom 2:15 (I)	2	Phot., fr. Rom. (CPG C165.3): Staab, 1933. 480‒482 (Rom 2:15‒16)	
167	Orange	12v	125	κε´ 	Rom 2:16 (I)	1	Unattributed	
168		12v	126	κϛ´	Rom 2:16 (II)	2	Unattributed	
169	Orange	12v	127	κζ´	Rom 2:17 (I)	1	Unattributed	
170		12v	128	κη´ 	Rom 2:17 (II)	2	Unattributed	 The number is present only above the biblical lemma.
171		12v	128ex 	Θε(οδωρήτου) and sign 	Rom 2:17 (III)	3	Thdt., Rom., I, 36 (CPG 6209): Lorrain, 2015a, 171.36, 3–5	
172		12v	129	κθ´	Rom 2:17 (IV)	4	Unattributed	
173		12v	130	λ´	Rom 2:17 (V)	5	Unattributed	
174	Orange	12v	131	λα´ 	Rom 2:18 (I)	1	Unattributed	
175		12v	132	λβ´	Rom 2:18 (II)	2	Unattributed	
176	Orange	13r	133	λγ´	Rom 2:19	1	Unattributed	
177	Orange	13r	134	λδ´	Rom 2:20 (I)	1	Unattributed	
178		13r	134Ph	Φωτ(ίου) and sign 	Rom 2:20 (II)	2	Phot., fr. Rom. (CPG C165.3): Staab, 1933, 482 (Rom 2:18‒21)	
179	Orange	13r	135	λε´	Rom 2:21	1	Unattributed	
180	Orange	13r	135ex	–	Rom 2:22 (I)	1	Unattributed	The scholium is added in the inner margin.
181		13v	136	λϛ´	Rom 2:22 (II)	2	Unattributed	
182		13v	136Ph	Φωτ(ίου) and sign 	Rom 2:22 (II)	3	Phot., fr. Rom. (CPG C165.3): Staab, 1933, 482, 26–35; 483, 1–3	
183	Orange	13v	137	λζ´	Rom 2:23	1	Unattributed	
184	Orange	13v	138	λη´	Rom 2:24 (I)	1	Unattributed	The number is present only above the biblical lemma.
185		13v	139	λθ´	Rom 2:24 (II)	2	Unattributed	The number is present only above the biblical lemma.
186		13v	140	μ´	Rom 2:24 (III)	3	Unattributed	The number is present only above the biblical lemma.
187	Orange	13v	141	μα´	Rom 2:25 (I)	1	Unattributed	The number is present only above the biblical lemma.
188		14r	142	μβ´	Rom 2:25 (II)	2	Unattributed	
189		14r	142Pha	Φωτ(ίου) 	Rom 2:25 (II)	3	Phot., fr. Rom. (CPG C165.3): Staab, 1933 483, 4–13	
190		14r	142Phb 	εἰς τὸν αὐτόν	Rom 2:25 (II)	4	Phot., fr. Rom. (CPG C165.3): Staab, 1933, 483, 14–32 	
191	Orange	14r	143	μγ´	Rom 2:25	1	Unattributed	
192	Orange	14r	144	μδ´ 	Rom 2:26 (I)	1	Unattributed	
193		14r	145	με´ 	Rom 2:26 (II)	2	Unattributed	
194	Orange	14r	146	μϛ´	Rom 2:27 (I)	1	Unattributed	
195	Green	14r	146Ph	Φωτ(ίου) 	Rom 2:26–27 (I, II, I)	2	Phot., fr. Rom. (CPG C165.3): Staab, 1933, 483, 33–36 	
196		14v 	147	μζ´ 	Rom 2:27 (II)	3	Unattributed	
197		14v 	147Ph	Φωτ(ίου) 	Rom 2:27 (II)	4	Phot., fr. Rom. (CPG C165.3): Staab, 1933, 484, 1–5	
198	Orange	14v 	148	μη´	Rom 2:28 (I)	1	Unattributed	
199		14v 	148ex	–	Rom 2:28 (II)	2	Unattributed	
200		14v 	149	μθ´ 	Rom 2:28 (III)	3	Unattributed	
201	Orange	14v 	150	ν´ 	Rom 2:29 (I)	1	Oec., Rom.‒Heb. (CPG 7471): Staab, 1933, 423, 6	
202		14v 	151	να´ 	Rom 2:29 (II)	2	Unattributed	
203		14v 	152	[ν]β´	Rom 2:29 (III)	3	Unattributed	
204		14v 	153	νγ´	Rom 2:29 (IV)	4	Unattributed	The number is present only above the biblical lemma.
205	Orange	14v 	154	νδ´	Rom 3:1 (I)	1	Unattributed	The number is present only above the biblical lemma.
206		14v 	154ex 	sign 	Rom 3:1 (I)	2	Thdt., Rom., I, 42 (CPG 6209): Lorrain, 2015a, 175.42, 1–5, 177.42, 6–7, 43, 1–7	
207	Orange	15r	155	νε´ 	Rom 3:2 (I)	1	Unattributed	
208		15r	156	νϛ´	Rom 3:2 (II)	2	Unattributed	
209	Orange	15r	157	νζ´	Rom 3:3 (I)	1	Unattributed	
210	Orange	15r	158	νη´ 	Rom 3:4 (I)	1	Unattributed	
211		15r	158ex 	Οἰκουμενίου	Rom 3:4 (I)	2	Oec., Rom.‒Heb. (CPG 7471): Staab, 1933, 423, 7	
212	Green	15r	158Pha	Φωτ(ίου) 	Rom 3:3 (I)	2	Phot., fr. Rom. (CPG C165.3): Staab, 1933. 484 (Rom 3:3) 	
213		15rv	158Phb 	Φωτ(ίου) 	Rom 3:4 (I)	3	Phot., fr. Rom. (CPG C165.3): Staab, 1933, 484‒485 (Rom 3:4) 	
214		15v	159	νθ´	Rom 3:4 (II)	4	Unattributed	
215	Orange	15v	160	ξ´ + ἀντίθεσις, and λύσις 	Rom 3:5 (I)	1	Unattributed	
216		15v–16r	160Ph	Φωτ(ίου) 	Rom 3:5 (I)	2	Phot., fr. Rom. (CPG C165.3): Staab, 1933, 485–486 (Rom 3:5–8) 	
217		16r	161	ξα´ 	Rom 3:5 (II)	3	Unattributed	
218		16r	162	ξβ´	Rom 3:5 (III)	4	Unattributed	
219	Orange	16r	163	ξγ´ 	Rom 3:6	1	Unattributed	
220	Orange	16r	164	ξδ´ 	Rom 3:7 (I)	1	Unattributed	
221		16r	165	ξε´	Rom 3:7 (II)	2	Unattributed	
222	Orange	16r	166	ξϛ´	Rom 3:8 (I)	1	Unattributed	
223		16r	166ex 	Sign	Rom 3:8 (II)	2	Unattributed	
224		16r	167	ξζ´	Rom 3:8 (III)	3	Unattributed	
225	Orange	16v	168	ξη´	Rom 3:9 (I)	1	Unattributed	
226		16v	168ex 	Σευηριαν(οῦ) and sign 	Rom 3:9 (I)	2	Sever., Rom.‒Heb. (CPG 4219): Staab, 1933, 216, 7–24	
227		16v	168Pha 	Φωτ(ίου) and sign 	Rom 3:9 (I)	3	Phot., fr. Rom. (CPG C165.3): Staab, 1933, 486, 7–29 	
228		16v	168Phb 	Ἄλλως	Rom 3:9 (I)	4	Phot., fr. Rom. (CPG C165.3): Staab, 1933, 486, 30–37; 487, 1–8	
229		17r	169	ξθ´	Rom 3:9 (II)	5	Unattributed	
230		17r	170	ο´	Rom 3:9 (III)	6	Unattributed	
231	Orange	17r	171	οα´ 	Rom 3:12 (I)	1	Unattributed	
232		17r	172	οβ´	Rom 3:12 (II)	2	Unattributed	
233	Orange	17r	173	ογ´	Rom 3:13	1	Unattributed	
234	Orange	17r	174	οδ´	Rom 3:16	1	Unattributed	
235	Orange	17v	175	οε´ 	Rom 3:17	1	Unattributed	
236	Orange	17v	176	οϛ´	Rom 3:19 (I)	1	Unattributed	
237		17v	177exa 	οζ´ and sign 	Rom 3:19 (II)	2	Thdt., Rom., II, 2 (CPG 6209): Lorrain, 2015a, 185.2, 2–5	
238		17v	177exb 	Sign	Rom 3:19 (II)	3	Unattributed	
239		17v	177	οζ´	Rom 3:19 (III)	4	Unattributed	 The number οζ is repeated two times.
240		17v	178	οη´	Rom 3:19 (IV)	5	Unattributed	
241		17v	178Ph	Φωτ(ίου) 	Rom 3:19 (IV)	6	Phot., fr. Rom. (CPG C165.3): Staab, 1933, 487 (Rom 3:19–20)	 The monogram has been probably erased.
242		17v	178ex 	Sign	Rom 3:19 (V)	7	Unattributed	
243	Orange	17v	179	–	Rom 3:20 (I)	1	Unattributed	
244		17v	180	π´	Rom 3:20 (II)	2	Unattributed	The number is present only above the biblical lemma.
245		18r	181	πα´	Rom 3:20 (III)	3	Unattributed	
246		18r	181ex 	Γενναδ(ίου) and sign 	Rom 3:20 (III)	4	Gennad., fr. Rom. (CPG 5973): Staab, 1933, 361, 26–33	
247	Orange	18r	182	πβ´ 	Rom 3:21 (I)	1	Unattributed	
248		18r	183	πγ´	Rom 3:21 (II)	2	Unattributed	
249		18r	184	πδ´ 	Rom 3:21 (II)	3	Unattributed	
250		18r	185	πε´	Rom 3:21 (IV)	4	Unattributed	
251	Orange	18r	186	πϛ´	Rom 3:22	1	Unattributed	
252	Green	18r	186Ph	Φωτ(ίου) 	Rom 3:21 (II)	5	Phot., fr. Rom. (CPG C165.3): Staab, 1933, 487 (Rom 3:21) 	
253		18r	186ex 	Γενναδίου and sign 	Rom 3:22 (II)	2	Genn., fr. Rom. (CPG 5973): Staab, 1933, 362, 1–6	
254		18r	187	πζ´	Rom 3:22 (III)	3	Unattributed	
255	Orange	18r	188	μη´	Rom 3:23 (I)	1	Unattributed	(sic!) in the manuscript, instead of πη. 
256		18v	189	πθ´ 	Rom 3:23 (II)	2	Unattributed	
257		18v	189Pha 	Φωτ(ίου) 	Rom 3:23 (II)	3	Phot., fr. Rom. (CPG C165.3): Staab, 1933, 487, 24–30 	
258		18v	189Phb	–	Rom 3:23 (II)	4	Phot., fr. Rom. (CPG C165.3): Staab, 1933, 487, 31–33	
259	Orange	18v	190	ϟ´	Rom 3:24	1	Unattributed	
260	Orange	18v	191	ϟα´ 	Rom 3:25 (I)	1	Unattributed	
261		18v	192	ϟβ´	Rom 3:25 (II)	2	Unattributed	
262		18v	193	ϟγ´	Rom 3:25 (III)	3	Unattributed	
263		18v	194	ϟδ´	Rom 3:25 (IV)	4	Unattributed	
264		18v	194Ph	Φωτ(ίου) 	Rom 3:25 (IV)	5	Phot., fr. Rom. (CPG C165.3): Staab, 1933, 488, 1–17 	
265	Orange	19r	195	ϟε´ 	Rom 3:26 (I)	1	Unattributed	
266		19r	195ex 	Oἰκουμε(νίου) and sign 	Rom 3:26 (I)	2	Oec., Rom.‒Heb. (CPG 7471): Staab, 1933, 423, 8–11	
267		19r	195Ph	Φωτ(ίου) 	Rom 3:26 (I)	3	Phot., fr. Rom. (CPG C165.3): Staab, 1933. 488, 18–30 	
268		19r	196	ϟϛ´	Rom 3:26 (II)	4	Unattributed	
269	Orange	19r	197	ϟζ´	Rom 3:27 (I)	1	Unattributed	
270		19r	198	ϟη´	Rom 3:27 (II)	2	Unattributed	
271	Orange	19r	199	ϟθ´	Rom 3:28	1	Unattributed	
272	Orange	19r	200	ρ´	Rom 3:29	1	Unattributed	
273	Orange	19r	201	α´ 	Rom 3:30	1	Unattributed	
274	Orange	19v	202	β´	Rom 3:31 (I)	1	Unattributed	
275		19v	203	γ´	Rom 3:31 (II)	2	Unattributed	
276		19v	203exa 	Ἰωάννου and sign 	Rom 3:31 (II)	3	Chrys., hom 1‒32 in Rom. (CPG 4427), hom. 7: Field, 1854, 96, E 2–6	
277	Green	19v	203exb 	Θεοδω(ρήτου) and sign 	Rom 3:31-4:1 (II)	4	Thdt., Rom., II, 10 (CPG 6209): Lorrain, 2015a, 191.10, 10–13	The sign is located above the beginning of Rom 4:1, but the scholium comments on Rom 3:31, as supported by Lorrain. 2015a. 
278	Orange	19v	203exc 	Τοῦ αὐτοῦ	Rom 4:1 (I)	1	Thdt., Rom., II, 10 (CPG 6209): Lorrain, 2015a. 193.11, 1–4	
279		19v	204	δ´	Rom 4:1 (I)	2	Unattributed	
280		20r	204ex 	Γενναδ(ίου) and sign 	Rom 4:1 (I)	3	Genn., fr. Rom. (CPG 5973): Staab, 1933, 362, 7–12	
281		20r	204Ph	Φωτ(ίου) 	Rom 4:1 (I)	4	Phot., fr. Rom. (CPG C165.3): Staab, 1933, 488, 31–36, 489, 1–33.	
282		20r	205	ε´	Rom 4:1 (II)	5	Unattributed	
283	Orange	20v	206	ϛ´	Rom 4:2	1	Unattributed	
284	Orange	20v	207	ζ´	Rom 4:3	1	Unattributed	
285	Orange	20v	208	η´ 	Rom 4:4	1	Unattributed	
286	Green	20v	208Ph	Sign 	Rom 4:5 (I–II)	1	Phot., fr. Rom. (CPG C165.3): Staab, 1933, 489, 34–36	
287		20v	209	θ´	Rom 4:5 (I)	2	Unattributed	The number is present only above the biblical lemma.
288		20v	210	ι´	Rom 4:5 (II)	3	Unattributed	The number is present only above the biblical lemma. 
289	Orange	20v	211	ια´	Rom 4:6	1	Unattributed	The number is present only above the biblical lemma.
290	Orange	21r	212	ιβ´	Rom 4:7 (I)	1	Unattributed	
291		21r	212Ph	Φωτ(ίου) 	Rom 4:7 (I)	2	Phot., fr. Rom. (CPG C165.3): Staab, 1933, 490, 1–13 	
292	Orange	21r	213	ιγ´	Rom 4:9 (I)	1	Unattributed	
293		21r	214	ιδ´	Rom 4:9 (II)	2	Unattributed	
294	Orange	21r	215	ιε´	Rom 4:10	1	Unattributed	
295	Orange	21v	215ex	(Σευη)ρ(ιανο)ῦ	Rom 4:11 (I)	1	Sever., Rom.‒Heb. (CPG 4219): Staab, 1933, 217, 11–15	The symbol is like the monogram for Origen.
296		21v	216	ιϛ´	Rom 4:11 (I)	2	Unattributed	
297		21v	216Ph	Φωτ(ίου) 	Rom 4:11 (I)	3	Phot., fr. Rom. (CPG C165.3): Staab, 1933, 490, 14–26 	
298		21v	217	[ι]ζ´	Rom 4:11 (II)	4	Unattributed	
299		21v	218	[ι]η´	Rom 4:11 (III)	5	Unattributed	
300		21v	219	[ι]θ´	Rom 4:11 (IV)	6	Unattributed	
301		21v	220	–	Rom 4:11 (V)	7	Unattributed	
302		21v	221	[κ]α´ 	Rom 4:11 (VI)	8	Unattributed	
303	Orange	21v	221Ph	Φωτ(ίου) and sign	Rom 4:12 (I)	1	Phot., fr. Rom. (CPG C165.3): Staab, 1933, 490, 27–33 	The monogram and the sign are present only in front of the scholium.
304		22r	222	κβ´	Rom 4:12 (I)	2	Unattributed	
305		22r	223	κγ´	Rom 4:12 (II)	3	Unattributed	
306		22r	223Ph	Φωτ(ίου) 	Rom 4:12 (III)	4	Phot., fr. Rom. (CPG C165.3): Staab, 1933, 491, 1–4 	
307		22r	224	κδ´ 	Rom 4:12 (III)	5	Unattributed	
308		22r	225	κε´	Rom 4:12 (IV)	6	Unattributed	
309	Orange	22r	226	κϛ´	Rom 4:13 (I)	1	Unattributed	
310		22r	226ex	Σευηριαν(οῦ) and sign 	Rom 4:13 (II)	2	Sever., Rom.‒Heb. (CPG 4219): Staab, 1933, 217, 16–19	
311		22v	227	κζ´	Rom 4:13 (II)	3	Unattributed	
312	Orange	22v	227Ph	Φωτ(ίου) 	Rom 4:14 (I)	1	Phot., fr. Rom. (CPG C165.3): Staab, 1933, 491, 5–35, 492, 1–10 	
313		22v	228	κη´	Rom 4:14 (I)	2	Unattributed	
314		22v	229	[κθ]´	Rom 4:14 (II)	3	Unattributed	
315	Orange	23r	230	λ´	Rom 4:15	1	Unattributed	
316	Orange	23r	231	λα´	Rom 4:16 (I)	1	Unattributed	
317		23r	232	λβ´	Rom 4:16 (II)	2	Unattributed	
318		23r	233	λγ´	Rom 4:16 (III)	3	Unattributed	
319		23r	234	λδ´	Rom 4:16 (IV)	4	Unattributed	
320	Orange	23r	235	λε´	Rom 4:17 (I)	1	Unattributed	
321		23r	235Ph	Φωτ(ίου) 	Rom 4:17 (I)	2	Phot., fr. Rom. (CPG C165.3): Staab, 1933, 492, 11–21 	
322		23r	235exa	Sign	Rom 4:17 (I) 	3	Unattributed	
323		23r	235exb 	Sign	Rom 4:17 (I)	4	Thdt., Rom., II, 17 (CPG 6209): Lorrain, 199.17, 11–13	
324		23r	235exc 	Sign	Rom 4:17 (I)	5	Sever., Rom.‒Heb. (CPG 4219): Staab, 217, 20–21	
325		23r	236	λϛ´	Rom 4:17 (II)	6	Unattributed	
326		23r	236Pha	Φωτ(ίου) 	Rom 4:17 (II)	7	Phot., fr. Rom. (CPG C165.3): Staab, 1933, 492, 22–25 	
327	Orange	23r	236Phb	Φωτ(ίου) 	Rom 4:18 (I)	1	Phot., fr. Rom. (CPG C165.3): Staab, 1933, 492, 26–28	
328		23r	236ex 	Σευηρι(ανοῦ) and sign 	Rom 4:18 (I)	2	Sever., Rom.‒Heb. (CPG 4219): Staab, 1933, 218, 1–3	
329		23r	237	λζ´	Rom 4:18 (I)	3	Unattributed	
330		23r	238	λη´	Rom 4:18 (II)	4	Unattributed	
331		23v	239	λθ´	Rom 4:18 (III)	5	Unattributed	
332	Orange	23v	240	μ´	Rom 4:19 (I)	1	Unattributed	
333		23v	241	μα´	Rom 4:19 (II)	2	Oec., Rom.‒Heb. (CPG 7471): Staab, 1933, 424, 1–2	
334	Orange	23v	242	μβ´	Rom 4:20 (I)	1	Unattributed	
335		23v	243	μγ´ 	Rom 4:20 (II)	2	Unattributed	
336		23v	244	μδ´ 	Rom 4:20 (III)	3	Sever., Rom.‒Heb. (CPG 4219): Staab, 1933, 218, 4–5 	
337		23v	245	με´ 	Rom 4:20 (IV)	4	Sever., Rom.‒Heb. (CPG 4219): Staab, 1933, 218, 5–7	
338	Orange	23v	246	μϛ´	Rom 4:21	1	Unattributed	
339	Orange	23v	247	μζ´ 	Rom 4:22	1	Unattributed	
340	Orange	23v	248	μη´	Rom 4:23	1	Unattributed	
341	Orange	24r	249	μθ´ 	Rom 4:24	1	Unattributed	
342	Orange	24r	250	ν´	Rom 4:25	1	Unattributed	
343	Orange	24r	251	να´ 	Rom 5:1 (I)	1	Unattributed	
344		24r	251Ph	Φωτ(ίου) 	Rom 5:1 (I)	2	Phot., fr. Rom. (CPG C165.3): Staab, 1933, 492, 29–30, 493, 1–8 	
345		24r	252	νβ´	Rom 5:1 (II)	3	Unattributed	
346	Orange	24r	253	νγ´	Rom 5:2 (I)	1	Unattributed	
347		24r	254	νδ´	Rom 5:2 (II)	2	Unattributed	
348		24r	254Ph	Φωτ(ίου) 	Rom 5:2 (III)	3	Phot., fr. Rom. (CPG C165.3): Staab, 1933, 493, 9–19 	
349		24v	255	νε´ 	Rom 5:2 (III)	4	Unattributed	
350		24v	255Ph	Φωτ(ίου) 	Rom 5:2	5	Phot., fr. Rom. (CPG C165.3): Staab, 1933, 493, 20–26 	
351	Orange	24v	256	νϛ´	Rom 5:3	1	Unattributed	
352		24v	256Pha	Φωτ(ίου) 	Rom 5:3	2	Phot., fr. Rom. (CPG C165.3): Staab, 1933, 493, 27–39, 494, 1–7 	
353		24v–25r	256Phb 	Φωτ(ίου) 	Rom 5:3 (IV)	3	Phot., fr. Rom. (CPG C165.3): Staab, 1933, 494, 8–28 	
354	Orange	25r	257	νζ´ 	Rom 5:4	1	Unattributed	
355	Orange	25r	258	νη´	Rom 5:5 (I)	1	Unattributed	
356		25r	258ex 	Oἰκου(μενίου)	Rom 5:5 (I)	2	Oec., Rom.‒Heb. (CPG 7471): Staab, 1933, 424, 3–6	
357	Orange	25v	259	νθ´ 	Rom 5:6 (I)	1	Unattributed	
358		25v	259Ph	Φωτ(ίου) 	Rom 5:6 (I)	2	Phot., fr. Rom. (CPG C165.3): Staab, 1933, 494, 29–36, 495, 1–29 	
359		25v	260	ξ´	Rom 5:6 (II)	3	Unattributed	The scholium is added in the space for the biblical text.
360		25v	261	ξα´	Rom 5:6 (III)	4	Oec., Rom.‒Heb. (CPG 7471): Staab, 1933, 424, 7	The scholium is added in the space for the biblical text.
361	Orange	26r	262	ξβ´ 	Rom 5:8	1	Unattributed	
362	Orange	26r	263	ξγ´ 	Rom 5:9	1	Unattributed	
363	Orange	26r	264	ξδ´	Rom 5:10 (I)	1	Unattributed	
364		26r	265	ξε´	Rom 5:10 (II)	2	Unattributed	
365	Orange	26r	266	ξϛ´	Rom 5:11 (I)	1	Unattributed	
366		26r	267	ξζ´	Rom 5:11 (II)	2	Unattributed	The number is present only above the biblical lemma.
367	Orange	26v	268	ξη´ 	Rom 5:12 (I)	1	Unattributed	
368		26v	268Ph	Φωτ(ίου) 	Rom 5:12 (I)	2	Phot., fr. Rom. (CPG C165.3): Staab, 1933, 495, 30–37, 496, 1–8 	
369		26v	269	ξθ´	Rom 5:12 (II)	3	Unattributed	
370		26v	270	ο´	Rom 5:12 (II)	4	Oec., Rom.‒Heb. (CPG 7471): Staab, 1933, 424, 8–11	The number is present only in front of the scholium.
371		26v	270Ph	Φωτ(ίου) 	Rom 5:12 (II)	5	Phot., fr. Rom. (CPG C165.3): Staab, 1933, 496, 9–13 	
372	Orange	27r	271	οα´ 	Rom 5:13 (I)	1	Unattributed	
373		27r	271exa	Oἰκου(μενίου)	Rom 5:13 (I)	2	Oec., Rom.‒Heb. (CPG 7471): Staab, 1933, 424, 12–15	
374		27r	271exb	Τοῦ αὐτοῦ	Rom 5:13 (I)	3	Oec., Rom.‒Heb. (CPG 7471): Staab, 1933, 424, 16–26, 425, 1–3	
375		27r	271Ph	– 	Rom 5:13 (I)	4	Phot., fr. Rom. (CPG C165.3): Staab, 1933, 496, 14–35, 497, 1–4 	
376	Orange	27v	272	οβ´	Rom 5:14 (I)	1	Unattributed	
377		27v	272Ph	Φωτ(ίου) 	Rom 5:14 (I)	2	Phot., fr. Rom. (CPG C165.3): Staab, 1933, 497, 5–34	
378		27v	273	οθ´	Rom 5:14 (II)	3	Unattributed	The right number should be ογ; present only in front of the scholium.
379		27v	273ex 	ογ´ and Οἰκουμενίου	Rom 5:14 (II)	4	Oec., Rom.‒Heb. (CPG 7471): Staab, 1933, 425, note	
380		27v	273Ph	Φωτ(ίου) and sign 	Rom 5:14 (II)	5	Phot., fr. Rom. (CPG C165.3): Staab, 1933, 497, 35–38, 498, 1–11	
381		28r	274	οδ´ 	Rom 5:14 (III)	6	Unattributed	
382		28r	274ex 	Ἰωάννου and sign 	Rom 5:14 (III)	7	Chrys., hom 1‒32 in Rom. (CPG 4427), hom. 10 (Field, 1854, 143, C 8–D 2) or Jo. D., Rom.‒Philm. (CPG 8079): Volk. 2013. 56, 846–851	
383	Orange	28r	275	οε´ 	Rom 5:15 (I)	1	Unattributed	
384		28r	276	οϛ´	Rom 5:15 (II)	2	Oec., Rom.‒Heb. (CPG 7471): Staab, 1933, 425, 8–14	
385		28r	276ex	Oἰκου(μενίου)	Rom 5:15 (II)	3	Oec., Rom.‒Heb. (CPG 7471): Staab, 1933, 425, 15–27	
386		28v	277	οζ´	Rom 5:15 (III)	4	Unattributed	
387	Orange	28v	278	οη´	Rom 5:16 (I)	1	Unattributed	
388		28v	279	οθ´ 	Rom 5:16 (II)	2	Unattributed	
389	Orange	29r	280	π´	Rom 5:17 (I)	1	Unattributed	
390		29r	280Ph	Φωτ(ίου) 	Rom 5:17 (I)	2	Phot., fr. Rom. (CPG C165.3): Staab, 1933, 498, 12–39, 499, 1–13 	
391		29v	281exa	πα´ and Οἰκουμενίου	Rom 5:17 (II)	3	Oec., Rom.‒Heb. (CPG 7471): Staab, 1933, 426, 1–3	
392		29v	281exb	Sign	Rom 5:17 (II)	4	Unattributed	
393	Orange	29v	282	πβ´ 	Rom 5:18	1	Unattributed	
394	Orange	29v	283	πγ´	Rom 5:19 (I)	1	Unattributed	
395		29v	284	πδ´	Rom 5:19 (II)	2	Unattributed	
396		29v	284ex	Oἰκου(μενίου)	Rom 5:19 (II)	3	Oec., Rom.‒Heb. (CPG 7471): Staab, 1933, 426, 4–6	
397		29v	285	πε´ 	Rom 5:19 (III)	4	Unattributed	
398	Orange	30r	286	πϛ´	Rom 5:20 (I)	1	Unattributed	
399		30r	286ex	Γενναδ(ίου) and sign 	Rom 5:20 (I)	2	Genn., fr. Rom. (CPG 5973): Staab, 1933, 364, 27–31, 365, 1–4	
400		30r	286Ph	Φωτ(ίου) 	Rom 5:20 (I)	3	Phot., fr. Rom. (CPG C165.3): Staab, 1933, 499, 14–25 	
401		30r	287	πζ´	Rom 5:20 (II)	4	Unattributed	
402		30r	288	πη´	Rom 5:20 (III)	5	Unattributed	The number is present only in front of the scholium.
403		30r	289	πθ´	Rom 5:20 (IV)	6	Unattributed	
404		30r	290	ϟ´	Rom 5:20 (V)	7	Unattributed	
405		30r	290ex	Ὠριγέ(νους) and sign 	Rom 5:20 (V)	8	Or., fr. in Rom. (CPG 1457.2): Hammond-Bammel, 1998, 130, 1–7, 131, 8–10 	
406	Orange	30v	291	ϟα´ 	Rom 5:21 (I)	1	Unattributed	
407		30v	292	ϟβ´	Rom 5:21 (II)	2	Unattributed	
408		30v	292Ph	– 	Rom 5:21 (II)	3	Phot., fr. Rom. (CPG C165.3): Staab, 1933, 499, 26–28 	
409		30v	293	ϟγ´ 	Rom 5:21 (III)	4	Unattributed	
410	Orange	30v	294	ϟδ´ 	Rom 6:1 (I)	1	Unattributed	
411		30v	295	ϟε´	Rom 6:1 (II)	2	Unattributed	
412	Orange	30v	296	ϟϛ´	Rom 6:2 (I)	1	Unattributed	
413		30v	297	ϟζ´	Rom 6:2 (II)	2	Unattributed	
414	Orange	30v	297ex	Σευηριανοῦ and sign 	Rom 6:3 (I)	1	Sever., Rom.‒Heb. (CPG 4219): Staab, 1933, 218, 13–14 or Diod., Rom. (CPG 3819): Staab, 1933, 85, 17–18	
415		30v	298	ϟη´ 	Rom 6:3 (I)	2	Unattributed	
416		30v	298Ph	Φωτ(ίου) 	Rom 6:3 (I)	3	Phot., fr. Rom. (CPG C165.3): Staab, 1933, 499, 29–31, 500, 1–12 	
417	Orange	31r	299	ϟθ´	Rom 6:4 (I)	1	Unattributed	
418		31r	299ex	Θεοδω(ρήτου) and sign 	Rom 6:4 (I)	2	Thdt., Rom., II, 34 (CPG 6209): Lorrain, 2015a, 216.34, 6‒217.34, 2	
419		31r	300	ρ´	Rom 6:4 (II)	3	Unattributed	
420		31r	301	α´	Rom 6:4 (III)	4	Unattributed	
421		31r	301Pha	Φωτ(ίου) 	Rom 6:4 (III)	5	Phot., fr. Rom. (CPG C165.3): Staab, 1933, 499, 29–31, 500, 13–15 	
422	Orange	31r	301Phb	Φωτ(ίου) 	Rom 6:5 (I)	1	Phot., fr. Rom. (CPG C165.3): Staab, 1933, 500, 16–28 	
423		31r	302	β´	Rom 6:5 (I)	2	Unattributed	
424		31r	303	γ´	Rom 6:5 (II)	3	Unattributed	
425		31r	303exa	Tοῦ ἀγιοῦ Κυρίλλου ἐν τῷ ιβ´ βιβ(λίῳ) κ(α)τ(ὰ) ᾽Ιουλ(ιανοῦ)	Rom 6:5 (II)	4	Cyr., Juln. (CPG 5233): fragment from book XII; unidentified	
426		31r	303exb	– 	Rom 6:5 (II)	5	Unattributed	
427		31r	304	δ´	Rom 6:5 (III)	6	Unattributed	
428		31r	304ex	Oἰκου(μενίου)	Rom 6:5 (III)	7	Oec., Rom.‒Heb. (CPG 7471): Staab, 1933, 426, 7–8	
429	Orange	31v	305	ε´	Rom 6:6 (I)	1	Unattributed	
430		31v	305Ph	Φωτ(ίου) 	Rom 6:6 (I)	2	Phot., fr. Rom. (CPG C165.3): Staab, 1933, 500, 29–33, 501, 1–10 	
431		31v	305ex	Θεοδω(ρήτου) and sign 	Rom 6:6 (I)	3	Thdt., Rom., II, 35 (CPG 6209): Lorrain, 2015a, 217.35, 2–4	
432		31v	306	ϛ´	Rom 6:6 (II)	4	Unattributed	
433		31v	306ex	Kυρίλλου and sign 	Rom 6:6 (II)	5	Cyr., Rom. (CPG 5209): Pusey, 1872, 192, 20–31, 193, 1–2	
434	Orange	31v	307	ζ´	Rom 6:7 (I)	1	Unattributed	
435	Green	31v	307Ph	– 	Rom 6:6 (II)	6	Phot., fr. Rom. (CPG C165.3): Staab, 1933, 501, 11–16	
436	Orange	32r	308	η´ 	Rom 6:8  (I)	1	Unattributed	
437		32r	308Pha	Φωτ(ίου) 	Rom 6:8 (I)	2	Phot., fr. Rom. (CPG C165.3): Staab, 1933, 501, 17–19	
438	Green	32r	308Phb	– 	Rom 6:4 	6	Phot., fr. Rom. (CPG C165.3): Staab, 1933, 501, 20–24 	
439	Orange	32r	309	θ´	Rom 6:9 (I)	1	Unattributed	
440		32r	309ex	Oἰκου(μενίου) and sign 	Rom 6:9 (I)	2	Oec., Rom.‒Heb. (CPG 7471): Staab, 1933, 426, 9–10	
441	Orange	32r	310	ι´	Rom 6:10 (I)	1	Unattributed	
442		32r	311	ια´ 	Rom 6:10 (II)	2	Unattributed	
443		32r	311ex	Oἰκου(μενίου)	Rom 6:10 (II)	3	Oec., Rom.‒Heb. (CPG 7471): Staab, 1933, 426, 11–14	
444	Orange	32r	312	ιβ´	Rom 6:11 (I)	1	Unattributed	
445		32r	313	ιγ´	Rom 6:11 (II)	2	Unattributed	
446	Orange	32v	313ex	Θεoδωρήτου and sign 	Rom 6:12 (I)	1	Thdt., Rom., III, 1 (CPG 6209): Lorrain, 2015a, 221.1, 1–9	
447		32v	314	ιδ´	Rom 6:12 (I) 	2	Unattributed	
448		32v	315	ιε´	Rom 6:12 (II)	3	Unattributed	
449		32v	315Ph	Φωτ(ίου) 	Rom 6:12 (I)	4	Phot., fr. Rom. (CPG C165.3): Staab, 1933, 501, 25–30 	
450	Orange	32v	316	ιϛ´	Rom 6:13 (I)	1	Unattributed	
451		32v	317	ιζ´	Rom 6:13 (II)	2	Unattributed	
452		32v	318	ιη´	Rom 6:13 (III)	3	Unattributed	
453		32v	319	ιθ´	Rom 6:13 (IV)	4	Unattributed	
454		32v	319Ph	Φωτ(ίου) 	Rom 6:13 (III)	5	Phot., fr. Rom. (CPG C165.3): Staab, 1933, 501, 31–33 	
455		32v	320	κ´	Rom 6:13 (IV)	6	Unattributed	
456		32v	321	κα´	Rom 6:13 (V)	7	Unattributed	
457	Orange	33r	321ex	–	Rom 6:14 (I)	1	Diod., Rom. (CPG 3819): Staab, 1933, 86, 7–10	
458		33r	321Ph	Φωτ(ίου) 	Rom 6:14 (I)	2	Phot., fr. Rom. (CPG C165.3): Staab, 1933, 502, 1–10 	
459		33r	322	κβ´	Rom 6:14 (I)	3	Unattributed	
460	Orange	33r	323	κγ´	Rom 6:15	1	Unattributed	
461	Orange	33r	323Ph	Φωτ(ίου) 	Rom 6:16 (I)	1	Phot., fr. Rom. (CPG C165.3): Staab, 1933, 502, 11–19 	
462		33r	324	κδ´ 	Rom 6:16 (I)	2	Unattributed	
463		33r	325	κε´ 	Rom 6:16 (II)	3	Unattributed	
464		33r	326	κϛ´	Rom 6:16 (III)	4	Unattributed	
465		33r	327	κζ´	Rom 6:16 (IV)	5	Unattributed	
466		33r	328	κη´	Rom 6:16 (V)	6	Unattributed	
467	Orange	33r	329	κθ´	Rom 6:17 (I)	1	Unattributed	
468		33v	330	λ´	Rom 6:17 (II)	2	Unattributed	
469		33v	331	λα´	Rom 6:17 (III)	3	Unattributed	
470		33v	332	λβ´	Rom 6:18 (I)	1	Unattributed	
471		33v	332Ph	Φωτ(ίου) 	Rom 6:18 (I)	2	Phot., fr. Rom. (CPG C165.3): Staab, 1933, 502, 20–33, 503, 1–16 	
472	Orange	33v	333	λγ´	Rom 6:19 (I)	1	Unattributed	
473		33v	334	λδ´ 	Rom 6:19 (II)	2	Unattributed	
474		33v	334ex 	Sign	Rom 6:19 (I-II)	3	Thdt., Rom., III, 7 (CPG 6209): Lorrain, 2015a, 225.7, 1–2	
475		34r	335	λε´	Rom 6:19 (III)	4	Unattributed	
476	Orange	34r	336	λϛ´	Rom 6:20	1	Unattributed	
477	Orange	34r	337	λζ´	Rom 6:21 (I)	1	Unattributed	
478		34r	338	λη´	Rom 6:21 (II)	2	Unattributed	
479	Orange	34v	339	λθ´	Rom 6:22 (I)	1	Unattributed	
480		34v	340	μ´	Rom 6:22 (II)	2	Unattributed	
481	Orange	34v	341	μα´ 	Rom 6:23 (I)	1	Unattributed	
482		34v	342	μβ´ 	Rom 6:23 (II)	2	Unattributed	
483	Orange	34v	343	μγ´	Rom 7:1 (I)	1	Unattributed	
484		34v	344	μδ´	Rom 7:1 (II)	2	Unattributed	
485	Orange	34v	345	με´	Rom 7:2 (I)	1	Unattributed	
486	Green	34v	345Pha	Φωτ(ίου) 	Rom 6:23 (III) 	3	Phot., fr. Rom. (CPG C165.3): Staab, 1933, 503, 17–18 	
487	Green	34v	345Phb	Φωτ(ίου) 	Rom 7:1 (III)	3	Phot., fr. Rom. (CPG C165.3): Staab, 1933, 503, 19–20 	
488		34v	346	μϛ´	Rom 7:2 (II)	2	Unattributed	
489		34v	346Ph	Φωτ(ίου) 	Rom 7:2 (I)	3	Phot., fr. Rom. (CPG C165.3): Staab, 1933, 503, 21–23 	
490	Orange	35r	347	μζ´ 	Rom 7:3	1	Unattributed	
491	Orange	35r	348	μη´	Rom 7:4 (I)	1	Unattributed	
492	Green	35r	348ex	Βασιλείου	Rom 7:4 (but actually Rom 6:4, or Rom 7:6)?	2	Basil, unidentified: extract from De Baptismo (CPG 2907)?: PG31.1545b–c?: (Hammond-Bammel, 1998, 131, 1–7)	
493		35r	349	μθ´	Rom 7:4 (II)	3	Unattributed	
494		35r	350	ν´	Rom 7:4 (III)	4	Unattributed	
495		35r	351	να´ 	Rom 7:4 (IV)	5	Unattributed	
496	Orange	35r	351ex	Θεοδωρήτου and sign 	Rom 7:5 (I)	1	Thdt., Rom., III, 14 (CPG 6209): Lorrain, 2015a, 231.14, 1–3	
497		35r	352	νβ´	Rom 7:5 (II)	2	Unattributed	
498		35r	353	νγ´	Rom 7:5 (II)	3	Unattributed	
499		35r	354	νδ´	Rom 7:5 (III)	4	Unattributed	
500	Orange	35v	355	νε´	Rom 7:6 (I)	1	Unattributed	
501		35v	356	νϛ´	Rom 7:6 (II)	2	Unattributed	
502		35v	357	νζ´ 	Rom 7:6 (III)	3	Unattributed	
503	Orange	35v	357Ph	Φωτ(ίου) 	Rom 7:7 (I)	1	Phot., fr. Rom. (CPG C165.3): Staab, 1933, 503, 24–28 	
504		35v	358	νη´	Rom 7:7 (I)	2	Unattributed	
505		35v	359	νθ´ 	Rom 7:7 (II)	3	Unattributed	
506		35v	359ex	Σευήρου and sign	Rom 7:7 (II)	4	Sever., Rom.‒Heb. (CPG 4219), or Diod., Rom. (CPG 3819): Staab, 1933, 87, 6–9	
507		36r	360	ξ´	Rom 7:7 (III)	5	Unattributed	
508	Orange	36r	360ex	Σευηρι(ανοῦ) and sign 	Rom 7:8 (I)	1	Sever., Rom.‒Heb. (CPG 4219) or Diod., Rom. (CPG 3819): Staab, 1933, 87, 21–25, 88, 1–4	
509		36r	361	ξα´	Rom 7:8 (II)	2	Unattributed	The number is present only in front of the scholium.
510		36r	361Ph	Φωτ(ίου) 	Rom 7:8 (II)	3	Phot., fr. Rom. (CPG C165.3): Staab, 1933, 504, 1–17 	
511	Orange	36r	362	ξβ´	Rom 7:9 (I)	1	Unattributed	
512		36r	363	ξγ´	Rom 7:9 (II)	2	Unattributed	
513		36v	364	ξδ´	Rom 7:9 (III)	3	Unattributed	
514		36v	365	ξε´ 	Rom 7:9 (IV)	4	Unattributed	
515	Orange	36v	366	ξϛ´	Rom 7:11 (I)	1	Unattributed	
516		36v	366Ph	Φωτ(ίου) 	Rom 7:11 (I)	2	Phot., fr. Rom. (CPG C165.3): Staab, 1933, 504, 18–34	
517	Orange	36v	367	ξζ´	Rom 7:12 (I)	1	Unattributed	
518		36v–37r	367Ph	Φωτ(ίου) 	Rom 7:12 (I)	2	Phot., fr. Rom. (CPG C165.3): Staab, 1933, 504, 35–37, 505, 1–11 	
519		37r	367ex	Θεοδω(ρήτου) and sign 	Rom 7:12 (I and II)	3	Thdt., Rom., III, 21 (CPG 6209): Lorrain, 2015a, 235.21, 1–2, 237.23, 7–9 or Sever., Rom.‒Heb. (CPG 4219): Staab, 1933, 219, 31, 220, 1–3 	
520	Orange	37r	368	ξη´ 	Rom 7:13 (I)	1	Unattributed	
521		37r	368Ph	Φωτ(ίου) 	Rom 7:13 (I)	2	Phot., fr. Rom. (CPG C165.3): Staab, 1933, 505, 12–34	
522		37r	369	ξθ´	Rom 7:13 (II)	3	Unattributed	
523	Orange	37v	370	ο´ 	Rom 7:14 (I)	1	Unattributed	
524		37v	371	οα´ 	Rom 7:14 (II)	2	Unattributed	
525		37v	371Ph	Φωτ(ίου) 	Rom 7:14 (I and II)	3	Phot., fr. Rom. (CPG C165.3): Staab, 1933, 506, 1–7 	
526		37v	371ex	Oἰκου(μενίου)	Rom 7:14 (II)	4	Oec., Rom.‒Heb. (CPG 7471): Staab, 1933, 426, 15–16	
527		37v	372	οβ´	Rom 7:14 (III)	5	Unattributed	
528		37v	373	ογ´	Rom 7:14 (IV)	6	Unattributed	
529	Orange	37v	374	οδ´	Rom 7:15 (I)	1	Unattributed	
530		37v	374Pha	Φωτ(ίου) 	Rom 7:15 (I)	2	Phot., fr. Rom. (CPG C165.3): Staab, 1933, 506, 8–31 	
531		38r	374Phb	– 	Rom 7:15 (I)	3	Phot., fr. Rom. (CPG C165.3): Staab, 1933, 506, 32–35, 507, 1–10 	
532		38r	375	οε´ 	Rom 7:15 (II)	4	Unattributed	
533	Orange	38r	376	οϛ´	Rom 7:16	1	Unattributed	
534	Orange	38r	377	οζ´	Rom 7:17 	1	Unattributed	
535	Orange	38r	377ex	Sign	Rom 7:18 (I)	1	Oec., Rom.‒Heb. (CPG 7471): Staab, 1933, 426, 17–19, 427, 1–3	
536		38r	378	οη´	Rom 7:18 (II)	2	Unattributed	
537		38r	379	οθ´	Rom 7:18 (III)	3	Unattributed	
538	Orange	38r	380	π´	Rom 7:19	1	Unattributed	
539	Orange	38v	381	πα´	Rom 7:20 (I)	1	Unattributed	
540		38r	382ex	πβ´ and Οἰκουμενίου	Rom 7:20 (II)	2	Oec., Rom.‒Heb. (CPG 7471): Staab, 1933, 426, 17–19, 427, 3–6	
541	Orange	38r	383	πγ´	Rom 7:21 (I)	1	Unattributed	
542		38r	383Pha	Φωτ(ίου) 	Rom 7:21(I)	2	Phot., fr. Rom. (CPG C165.3): Staab, 1933, 507, 11–18 	
543		38r	383Phb 	–	Rom 7:21(I)	3	Phot., fr. Rom. (CPG C165.3): Staab, 1933, 507, 19–35, 508, 1–18	
544		39r	384	πδ´	Rom 7:21 (II)	4	Unattributed	
545	Orange	39r	385	πε´	Rom 7:22 (I)	1	Unattributed	
546		39r	385ex	– 	Rom 7:22 (I)	2	Meth., res. (CPG 1825): Bonwetsch, 1917, 341, 1–3 (see further Cramer, 1844, IV, 205, 14–18)	
547		39r	385Ph	– 	Rom 7:22 (I)	3	Phot., fr. Rom. (CPG C165.3): Staab, 1933, 508, 19–33, 509, 1–3 	
548		39v	386	πϛ´	Rom 7:22 (II)	4	Unattributed	
549	Orange	39v	387ex	πζ´ and Οἰκουμενίου	Rom 7:23 (I)	1	Oec., Rom.‒Heb. (CPG 7471): Staab, 1933, 427, 17–19, 427, 12–15	
550		39v	388	πη´	Rom 7:23 (II)	2	Unattributed	
551		39v	389	πθ´	Rom 7:23 (III)	3	Unattributed	
552	Orange	39v	390	ϟ´	Rom 7:24 	1	Unattributed	
553	Orange	39v	391	ϟα´	Rom 7:25 (I)	1	Unattributed	
554		39v	392	ϟβ´ 	Rom 7:25 (II)	2	Unattributed	
555		39v	393	ϟγ´	Rom 7:25 (III)	3	Unattributed	
556	Orange	39v	394	ϟδ´	Rom 8:1 (I)	1	Unattributed	
557		40r	395	ϟε´	Rom 8:1 (II)	2	Unattributed	
558	Orange	40r	396	ϟϛ´	Rom 8:2 (I)	1	Unattributed	
559		40r	396Ph	Φωτ(ίου) 	Rom 8:2 (I)	2	Phot., fr. Rom. (CPG C165.3): Staab, 1933, 509, 4–5 	
560		40r	397	ϟζ´	Rom 8:3 (I)	3	Unattributed	
561		40r	398	ϟη´ 	Rom 8:3 (II)	4	Unattributed	
562		40r	399	ϟθ´	Rom 8:3 (III)	5	Unattributed	
563		40r	399ex	Τοῦ ἁγίου Βασι(λείου) ἐκ τῆς πρὸς Σωζοπο(λιτάνους) ἐπιστολῆς and sign 	Rom 8:3 (III)	6	Bas., ep. (CPG 2900), fr. ep. 261: Deferrari and McGuire, (trans.), 1934, 80–82, and Courtonne, (ed.), 1961, 118	
564		40v	400	ρ´	Rom 8:3 (IV)	7	Unattributed	
565		40v	400Ph	Φωτ(ίου) 	Rom 8:3 (IV)	8	Phot., fr. Rom. (CPG C165.3): Staab, 1933, 509, 6–18 	
566		40v	401	α´	Rom 8:3 (V)	9	Unattributed	
567	Orange	40v	402	β´ 	Rom 8:4 	1	Unattributed	
568	Orange	40v	403	γ´	Rom 8:5(I)	1	Unattributed	
569		40v	404	δ´ 	Rom 8:5 (II)	2	Unattributed	
570	Orange	40v	405	–	Rom 8:6 (I)	1	Unattributed	
571		40v	406	ε´ 	Rom 8:6 (II)	2	Unattributed	
572		41r	407	ζ´	Rom 8:6 (III)	3	Unattributed	
573	Orange	41r	408	η´ 	Rom 8:7 (I)	1	Unattributed	
574		41r	409	θ´	Rom 8:7 (II)	2	Unattributed	
575		41r	409Ph	Φωτ(ίου) 	Rom 8:7 (I, II; and III)	3	Phot., fr. Rom. (CPG C165.3): Staab, 1933, 509, 19–27 	
576		41r	410	ι´	Rom 8:7 (IV)	4	Unattributed	
577	Orange	41r	411	ια´	Rom 8:8 	1	Unattributed	
578	Orange	41r	412	ιβ´	Rom 8:9 (I)	1	Unattributed	
579		41r	413	ιγ´	Rom 8:9 (II)	2	Unattributed	
580		41r	413Ph	Φωτ(ίου) 	Rom 8:9 (II)	3	Phot., fr. Rom. (CPG C165.3): Staab, 1933, 509, 28–29, 510, 1–4 	
581		41v	414	ιδ´	Rom 8:9 (III)	4	Unattributed	
582		41v	414ex	Σευηρι(ανοῦ) and sign 	Rom 8:9 (III)	5	Sever., Rom.‒Heb. (CPG 4219): Staab, 1933, 220, 14	
583		41v	415exa	ιε´ and Οἰκουμενίου	Rom 8:9 (III)	6	Oec., Rom.‒Heb. (CPG 7471): Staab, 1933, 427, 17	
584	Orange	41v	415exb	Ἰωάννου and sign 	Rom 8:10 (full verse)	1	Thdt., Rom., III, 39 (CPG 6209): Lorrain, 2015a, 251.39, 2–6	
585		41v	416	ιϛ´	Rom 8:10 (I)	2	Unattributed	
586		41v	417	ιζ´ 	Rom 8:10 (II)	3	Unattributed	
587		41v	418	ιη´	Rom 8:10 (III)	4	Unattributed	
588	Orange	41v	418ex	Sign	Rom 8:11 (I)	1	Cyr., Rom. (CPG 5209): Pusey, 1872, 214, 25, 215, 1–8	
589		41v	419	ιθ´	Rom 8:11 (I)	2	Unattributed	
590		41v	420	κ´	Rom 8:11 (II)	3	Unattributed	
591	Orange	41v	421	κα´	Rom 8:12	1	Unattributed	
592	Orange	41v	422	κβ´	Rom 8:13 (I)	1	Unattributed	
593		42r	423	κγ´	Rom 8:13 (II)	2	Unattributed	
594	Orange	42r	424	κδ´	Rom 8:14 (I)	1	Unattributed	
595		42r	425	κε´ 	Rom 8:14 (II)	2	Unattributed	
596	Orange	42r	426	κϛ´	Rom 8:15 (I)	1	Unattributed	
597	Green	42r	426Ph	Φωτ(ίου) 	Rom 8:15 (III)	2	Phot., fr. Rom. (CPG C165.3): Staab, 1933, 510, 5–23 	
598		42r	426ex	Oἰκου(μενίου)	Rom 8:15 (I)	3	Oec., Rom.‒Heb. (CPG 7471): Staab, 1933, 427, 17–20	
599		42r	427	κζ´	Rom 8:15 (II)	4	Unattributed	
600		42r	428	κη´	Rom 8:15 (III)	5	Unattributed	
601		42r	429	κθ´ 	Rom 8:15 (IV)	6	Unattributed	
602	Orange	42v	430	λ´	Rom 8:16	1	Unattributed	
603	Orange	42v	431	λα´	Rom 8:17 (I)	1	Unattributed	
604		42v	432	λβ´	Rom 8:17 (II)	2	Unattributed	
605		42v	433	λγ´	Rom 8:17 (III)	3	Unattributed	
606		42v	434	λδ´	Rom 8:17 (IV)	4	Unattributed	
607	Orange	42v	435	λε´	Rom 8:18 (I)	1	Unattributed	
608		42v	436	λϛ´	Rom 8:18 (II)	2	Unattributed	
609		42v	437	λζ´	Rom 8:18 (III)	3	Unattributed	
610	Orange	42v	438	λη´	Rom 8:19 (I)	1	Unattributed	
611		42v	438ex	Sign	Rom 8:19 (I)	2	Chrys., hom 1‒32 in Rom. (CPG 4427), fr. hom. 14: Field, 1854, 234, E 4, or Jo. D., Rom.‒Philm. (CPG 8079): Volk, 2013, 84, 1458	
612		42v	439	λθ´	Rom 8:19 (I)	3	Unattributed	The number is present only in front of the scholium.
613		42v	440	μ´	Rom 8:19 (II)	4	Unattributed	The number is present only in front of the scholium.
614	Orange	43r	441	μα´ 	Rom 8:20 (I)	1	Unattributed	
615		43r	442	μβ´	Rom 8:20 (II)	2	Unattributed	
616		43r	443	μγ´	Rom 8:20 (III)	3	Unattributed	
617	Orange	43r	444	μδ´ 	Rom 8:21 (I)	1	Unattributed	
618		43r	444ex	Oἰκου(μενίου)	Rom 8:21 (I)	2	Oec., Rom.‒Heb. (CPG 7471): Staab, 1933, 428, 1–3	
619	Orange	43r	445	με´ 	Rom 8:22 (I)	1	Unattributed	
620		43r	446	μϛ´	Rom 8:22(II)	2	Unattributed	
621	Orange	43r	447	μζ´	Rom 8:23 (I)	1	Unattributed	
622		43r	448	μη´	Rom 8:23 (II)	2	Unattributed	
623		43v	449	μθ´	Rom 8:23 (III)	3	Unattributed	
624		43v	449ex	Oἰκου(μενίου)	Rom 8:23 (III)	4	Oec., Rom.‒Heb. (CPG 7471): Staab, 428, 4	
625		43v	449Ph	Φωτ(ίου) 	Rom 8:23 (III)	5	Phot., fr. Rom. (CPG C165.3): Staab, 1933, 510, 24–34, 511, 1–26 	
626	Orange	43v	450	ν´	Rom 8:24	1	Unattributed	
627	Orange	44r	451	να´ 	Rom 8:25	1	Unattributed	
628	Orange	44r	451ex	Oἰκου(μενίου)	Rom 8:26 (I)	1	Oec., Rom.‒Heb. (CPG 7471): Staab, 1933, 428, 5–6	
629		44r	452	νβ´	Rom 8:26 (I)	2	Unattributed	
630		44r	453	νγ´	Rom 8:26 (II)	3	Unattributed	
631		44r	454	νδ´	Rom 8:26 (III)	4	Unattributed	
632		44r	455	νε´ 	Rom 8:26 (IV)	5	Unattributed	
633		44r	455ex	Oἰκου(μενίου) and sign 	Rom 8:26 (IV)	6	Oec., Rom.‒Heb. (CPG 7471): Staab, 1933, 428, 6	
634		44r	455Ph	Φωτ(ίου) 	Rom 8:26 (IV)	7	Phot., fr. Rom. (CPG C165.3): Staab, 1933, 511, 29–31	
635	Orange	44r	456	νε´ 	Rom 8:27 (I)	1	Unattributed	
636		44r	457	νϛ´	Rom 8:27 (II)	2	Unattributed	
637		44r	458	νζ´ 	Rom 8:27 (III)	3	Unattributed	
638		44r	459	νη´ 	Rom 8:27 (IV)	4	Unattributed	
639		44r	459Ph	Φωτ(ίου) 	Rom 8:27 (IV)	5	Phot., fr. Rom. (CPG C165.3): Staab, 1933, 511, 32–34 	
640	Orange	44r	460	νθ´ 	Rom 8:28 (I)	1	Unattributed	
641		44v 	461	ξ´ 	Rom 8:28 (II)	2	Unattributed	
642		44v 	462	ξα´ 	Rom 8:28 (III)	3	Unattributed	
643	Orange	44v 	463	ξβ´ 	Rom 8:29 (I)	1	Unattributed	
644		44v 	464	ξγ´	Rom 8:29 (II)	2	Unattributed	
645		44v 	464ex	Kυ(ρίλλου) and sign 	Rom 8:29 (II)	3	Cyr., Rom. (CPG 5209): Pusey, 1872, 220, 22–26, 221, 1–4	
646		44v 	465	ξδ´	Rom 8:29 (III)	4	Unattributed	
647	Orange	44v 	466	ξε´ 	Rom 8:30 (I)	1	Unattributed	
648		44v 	467	ξϛ´	Rom 8:30 (II)	2	Unattributed	
649		44v 	468	ξζ´	Rom 8:30 (III)	3	Unattributed	
650	Green	44v 	468Ph	Φωτ(ίου) 	Rom 8:28 (IV)	4	Phot., fr. Rom. (CPG C165.3): Staab, 1933, 512, 1–2 	
651	Orange	45r	469	ξη´ 	Rom 8:31 (I)	1	Unattributed	
652		45r	469Ph	Φωτ(ίου) 	Rom 8:31 (I)	2	Phot., fr. Rom. (CPG C165.3): Staab, 1933, 512, 3–32, 513, 1–5 	
653		45r	470	ξθ´ 	Rom 8:31 (II)	3	Unattributed	
654	Orange	45r	471	ο´ 	Rom 8:32 (I)	1	Unattributed	
655		45v	472	οα´ 	Rom 8:32 (II)	2	Unattributed	
656	Orange	45v	473	οβ´	Rom 8:33 (I)	1	Unattributed	
657		45v	474	ογ´	Rom 8:33 (II)	2	Unattributed	
658	Orange	45v	475	οδ´ 	Rom 8:34 (I)	1	Unattributed	
659		45v	476	οε´ 	Rom 8:34 (II)	2	Unattributed	
660		45v	477	οϛ´	Rom 8:34 (III)	3	Unattributed	
661		45v	477ex	Oἰκου(μενίου) and sign 	Rom 8:34 (III)	4	Oec., Rom.‒Heb. (CPG 7471): Staab, 1933, 428, 8–16	
662		45v	478	οζ´ 	Rom 8:34 (IV)	5	Unattributed	
663		46r	478ex	Kυ(ρίλλου) and sign 	Rom 8:34 (IV)	6	Unidentified 	
664		46r	478Ph	Φωτ(ίου) 	Rom 8:34 (IV)	7	Phot., fr. Rom. (CPG C165.3): Staab, 1933, 513, 6–16	
665	Orange	46r	479	oη´	Rom 8:35 (I)	1	Unattributed	
666		46r	479Ph	Φωτ(ίου) 	Rom 8:35 (I)	2	Phot., fr. Rom. (CPG C165.3): Staab, 1933, 513, 17–25	
667		46r	480	οθ´	Rom 8:35 (II)	1	Unattributed	
668	Orange	46r	481	π´	Rom 8:36 (I)	1	Unattributed	
669		46r	482	πα´ 	Rom 8:36 (II)	2	Unattributed	
670		46r	483	πβ´	Rom 8:36 (III)	3	Unattributed	
671		46r	484	πγ´	Rom 8:36 (IV)	4	Unattributed	
672	Orange	46r	485	πδ´	Rom 8:37	1	Unattributed	
673	Orange	46r	486	πε´	Rom 8:38	1	Unattributed	
674	Orange	46v	486exa	Θεοδω(ρήτου) and sign 	Rom 8:39 (I)	1	Thdt., Rom., III, 61 (CPG 6209): Lorrain, 2015a, 269.61, 6–8	
675		46v	486exb 	Ἄλλως 	Rom 8:39 (I)	2	Thdr. Mops., Rom. (CPG 3846): Staab, 1933, 142, 23–24	
676		46v	487	πϛ´	Rom 8:39 (II)	3	Unattributed	
677	Orange	46v	488	πζ´	Rom 9:1	1	Unattributed	
678	Orange	46v	489	πη´	Rom 9:3 (I)	1	Unattributed	
679		46v	489ex	– 	Rom 9:3 (II)	2	Unattributed	
680	Green	46v–47r	489Pha	Φωτ(ίου) 	Rom 9:3 (I)	3	Phot., fr. Rom. (CPG C165.3): Staab, 1933, 513, 26–27, 514, 1–35, 515, 1–32	
681		47r	489Phb	Φωτ(ίου) 	Rom 9:3 (III)	4	Phot., fr. Rom. (CPG C165.3): Staab, 1933, 515, 33–36	
682		47r	490	πθ´	Rom 9:3 (III)	5	Unattributed	The scholium is added in the space for the biblical text.
683		47r		ϟ´				The number is present οnly above the biblical lemma; the scholium is absent.
684		47v	491	ϟα´	Rom 9:3 (IV)	6	Unattributed	
685		47v	491Ph	Φωτ(ίου) 	Rom 9:3 (V)	7	Phot., fr. Rom. (CPG C165.3): Staab, 1933, 515, 37–38, 516, 1–3	
686	Orange	47v	492	ϟβ´	Rom 9:4	1	Unattributed	
687	Orange	47v	492Ph	Φωτ(ίου) 	Rom 9:5 (I)	1	Phot., fr. Rom. (CPG C165.3): Staab, 1933, 516, 4–5 	
688		47v	493	ϟγ´	Rom 9:5 (II)	2	Unattributed	
689	Orange	47v	494	ϟδ´	Rom 9:6 (I)	1	Unattributed	
690		47v	494Ph	Φωτ(ίου) 	Rom 9:6 (I)	2	Phot., fr. Rom. (CPG C165.3): Staab, 1933, 516, 6–8	
691	Orange	47v	495	ϟε´	Rom 9:7 (I) 	1	Unattributed	
692		47v	495Ph	Φωτ(ίου) 	Rom 9:7 (I)	2	Phot., fr. Rom. (CPG C165.3): Staab, 1933, 516, 9–14	
693	Orange	48r	496	ϟϛ´	Rom 9:8 (I)	1	Unattributed	
694		48r	497	ϟζ´ 	Rom 9:8 (II)	2	Unattributed	
695		48r	498	ϟη´	Rom 9:8 (III) 	3	Unattributed	
696	Orange	48r	499	ϟθ´	Rom 9:10 (I)	1	Unattributed	
697		48r	500	ρ´	Rom 9:10 (II)	2	Unattributed	The number is present only above the biblical text. 2
698	Orange	48r	501	α´	Rom 9:11 (I)	1	Unattributed	
699		48v	502	β´ 	Rom 9:11 (II)	2	Unattributed	
700		48v–49r	502Ph	Φωτ(ίου) 	Rom 9:11 (II)	3	Phot., fr. Rom. (CPG C165.3): Staab, 1933, 516, 15–35, 517, 1–27 	
701	Orange	49r	503	γ´	Rom 9:13 (I)	1	Unattributed	
702		49r	504	δ´	Rom 9:13 (II)	2	Unattributed	
703	Orange	49r	505	ε´	Rom 9:14	1	Unattributed	
704	Orange	49r	506	ϛ´	Rom 9:15	1	Unattributed	
705	Orange	49v	507	ζ´	Rom 9:16 (I)	1	Unattributed	
706		49v–50r	507Ph	Φωτ(ίου) 	Rom 9:16 (I)	2	Phot., fr. Rom. (CPG C165.3): Staab, 1933, 517, 28–36, 518, 1–38, 519, 1–13 	
707		50r	508	η´	Rom 9:16 (I)	3	Unattributed	
708	Orange	50r	509	θ´	Rom 9:17 (I)	1	Unattributed	
709		50r	509ex	Oἰκου(μενίου)	Rom 9:17 (II)	2	Oec., Rom.‒Heb. (CPG 7471): Staab, 1933, 428, 17–20	
710	Orange	50r	510	ι´	Rom 9:18 (I)	1	Unattributed	
711		50r	510exa	Γρηγορίου Νύ(σσης) and sign 	Rom 9:18 (I)	2	Gr. Nyss., v. Mos. (BHG 2278, CPG 3159): Daniélou, 1968, 150, 9–13	
712		50r	510exb	Tοῦ ἁγίου Βασι(λείου)	Rom 9:18 (I)	3	Bas., hom. Deus auct. (CPG 2853): PG31.341, 4–8	
713	Orange	50r	511	ια´	Rom 9:19	1	Unattributed	
714	Orange	50r	511ex	Sign	Rom 9:20 (I) 	1	Or., fr. in Rom. (CPG 1457.2)?: Birdsall, 1975, 219–220 	
715		50v	512	ιβ´	Rom 9:20 (II)	2	Unattributed	
716	Orange	50v	513	ιγ´	Rom 9:21 (I)	1	Unattributed	
717		50v	514	ιδ´	Rom 9:21 (II)	2	Unattributed	
718	Orange	50v	515	ιε´	Rom 9:22 (I) 	1	Unattributed	
719		50v	515ex	Oἰκου(μενίου)	Rom 9:22 (II)	2	Oec., Rom.‒Heb. (CPG 7471): Staab, 1933, 429, 2–4	
720	Green	50v	515Ph	Φωτ(ίου) 	Rom 9:22 (I)	3	Phot., fr. Rom. (CPG C165.3): Staab, 1933, 519, 29–31	
721		50v	516	ιϛ´ 	Rom 9:22 (III)	4	Unattributed	
722		50v	516Ph	Φωτ(ίου) 	Rom 9:22 (III)	5	Phot., fr. Rom. (CPG C165.3): Staab, 1933, 519, 1–13	
723		50v	517	ιζ´	Rom 9:22 (IV) 	6	Unattributed	
724		51r	518	ιη´	Rom 9:22 (V)	7	Unattributed	
725		51r	518Pha	Φωτ(ίου) 	Rom 9:22 (V)	8	Phot., fr. Rom. (CPG C165.3): Staab, 1933, 520, 1–20 	
726	Orange	51r	518Phb	Φωτ(ίου) 	Rom 9:23 (I) 	1	Phot., fr. Rom. (CPG C165.3): Staab, 1933, 520, 21–26 	
727		51r	519	ιθ´	Rom 9:23 (II)	2	Unattributed	
728		51r	519Ph	Φωτ(ίου) 	Rom 9:23 (III)	3	Phot., fr. Rom. (CPG C165.3): Staab, 1933, 520,  27–32	
729		51r	520	κ´	Rom 9:23 (III)	4	Unattributed	
730	Orange	51r	521	κα´ 	Rom 9:24 	1	Unattributed	
731	Orange	51v	522	κβ´ 	Rom 9:25 (I) 	1	Unattributed	
732		51v	523	κγ´	Rom 9:25 (II)	2	Unattributed	
733	Orange	51v	524	κδ´	Rom 9:26	1	Unattributed	
734	Orange	51v	525	κε´ 	Rom 9:27 (I)	1	Unattributed	
735		51v	526	κϛ´ 	Rom 9:27 (II)	2	Unattributed	
736		51v	526Ph	Φωτ(ίου) 	Rom 9:27 (II)	3	Phot., fr. Rom. (CPG C165.3): Staab, 1933, 520, 33–35, 521, 1–3 	
737	Orange	51v	527	κζ´	Rom 9:28 (I)	1	Unattributed	
738		51v–52r	527Ph	Φωτ(ίου) 	Rom 9:28 (I)	2	Phot., fr. Rom. (CPG C165.3): Staab, 1933, 521, 4–37, 522, 1–3 	
739		52r	528	κη´	Rom 9:28 (II)	3	Unattributed	
740		52r	529	κθ´	Rom 9:28 (III)	4	Unattributed	
741	Orange	52r	530	λ´	Rom 9:29 (I)	1	Unattributed	
742		52r	531	λα´	Rom 9:29 (II)	2	Unattributed	
743		52r	531ex	Oἰκου(μενίου)	Rom 9:29 (II) 	3	Oec., Rom.‒Heb. (CPG 7471): Staab, 1933. 429, 24–25	
744		52r	531Ph	Φωτ(ίου) 	Rom 9:29 (II)	4	Phot., fr. Rom. (CPG C165.3): Staab, 1933, 522, 4–26 	
745	Orange	52v	532	λβ´	Rom 9:30 (I)	1	Unattributed	
746		52v	533	λγ´	Rom 9:30 (II)	2	Unattributed	
747		52v	533Ph	Φωτ(ίου) 	Rom 9:30 (III)	3	Phot., fr. Rom. (CPG C165.3): Staab, 1933, 522, 27–35, 523, 1–6 	
748		52v	534	λδ´ 	Rom 9:30 (IV)	4	Unattributed	
749	Orange	52v	535	λε´	Rom 9:31 (I)	1	Unattributed	
750		52v	536	λϛ´ 	Rom 9:31 (II)	2	Unattributed	
751	Orange	52v	537	λζ´	Rom 9:32 (I)	1	Unattributed	
752		52v	538	λη´	Rom 9:32 (II)	2	Unattributed	
753	Orange	52v	539	λθ´	Rom 9:33 (I)	1	Unattributed	
754		52v	539ex	Θεοδω(ρήτου)	Rom 9:33 (I)	2	Thdt., Rom., IV, 20 (CPG 6209): Lorrain, 2015a, 283.20, 4–6	The attribution is present only in front of the scholium.
755		53r	540	μ´ 	Rom 9:33 (II)	3	Unattributed	
756	Orange	53r	541	μα´ 	Rom 10:1 (I)	1	Unattributed	
757		53r	541Ph	Φωτ(ίου) 	Rom 10:1 (I)	2	Phot., fr. Rom. (CPG C165.3): Staab, 1933, 523, 7–9 	
758		53r	542	μβ´	Rom 10:1 (II)	3	Unattributed	
759		53r	542Ph	Φωτ(ίου) 	Rom 10:1 (II)	4	Phot., fr. Rom. (CPG C165.3): Staab, 1933, 523, 10–12 	
760	Orange	53r	543	μγ´ 	Rom 10:2 (I)	1	Unattributed	
761		53r	544	μδ´	Rom 10:2 (II)	2	Unattributed	
762	Orange	53r	545	με´ 	Rom 10:3 (I)	1	Unattributed	
763		53r	546	μϛ´ 	Rom 10:3 (II)	2	Unattributed	
764		53r	547	μζ´ 	Rom 10:3 (III)	3	Unattributed	
765		53r	547Ph	Φωτ(ίου) 	Rom 10:3 (III)	4	Phot., fr. Rom. (CPG C165.3): Staab, 1933, 523, 13–14	
766		53r	548	μη´	Rom 10:3 (IV)	5	Unattributed	
767		53r	549	μθ´	Rom 10:3 (V)	6	Unattributed	
768	Orange	53r	550	ν´	Rom 10:4 (I)	1	Unattributed	
769		53r	550Ph	Φωτ(ίου) 	Rom 10:4 (I)	2	Phot., fr. Rom. (CPG C165.3): Staab, 1933, 523, 15–17	
770		53r	551	να´ 	Rom 10:4 (II)	3	Unattributed	
771		53r	552	νβ´ 	Rom 10:4 (III)	4	Unattributed	
772	Orange	53r	553	νγ´	Rom 10:5 (I)	1	Unattributed	
773		53v	554	νδ´	Rom 10:5 (II)	2	Unattributed	
774	Orange	53v	555	νε´ 	Rom 10:6 (I)	1	Unattributed	
775		53v	556	νϛ´	Rom 10:6 (II)	2	Unattributed	
776	Orange	53v	557	νζ´ 	Rom 10:8 	1	Unattributed	
777	Orange	53v	558	νη´ 	Rom 10:9 (I)	1	Unattributed	
778		53v	559	νθ´	Rom 10:9 (II)	2	Unattributed	
779	Orange	54r	560	ξ´	Rom 10:10 (I)	1	Unattributed	
780		54r	560ex	Sign	Rom 10:10 (I)	2	Acac. Caes., fr. Rom. (CPG 3511): Staab, 1933, 55, 21–24	
781	Orange	54r	561	ξα´ 	Rom 10:11	1	Unattributed	
782	Orange	54r	562	ξβ´	Rom 10:12 (I)	1	Unattributed	
783		54r	563	ξγ´	Rom 10:12 (II)	2	Unattributed	
784		54r	564	ξδ´	Rom 10:12 (III)	3	Unattributed	
785	Orange	54r	565	ξε´	Rom 10:13 	1	Unattributed	
786	Orange	54r	566	ξϛ´ 	Rom 10:14 (I)	1	Unattributed	
787		54r	566Ph	Φωτ(ίου) 	Rom 10:14 (I)	2	Phot., fr. Rom. (CPG C165.3): Staab, 1933, 523, 18–28 	
788		54r	567	ξζ´	Rom 10:14 (II)	3	Unattributed	
789		54r	568	ξη´	Rom 10:14 (III)	4	Unattributed	
790	Orange	54v	569	ξθ´	Rom 10:15 (I)	1	Unattributed	
791		54v	570	ο´	Rom 10:15 (II)	2	Unattributed	
792		54v	571	οα´ 	Rom 10:15 (III)	3	Unattributed	
793		54v	572	οβ´	Rom 10:15 (IV)	4	Unattributed	
794	Orange	54v	573	ογ´	Rom 10:16 (I)	1	Unattributed	
795		54v	574	οδ´ 	Rom 10:16 (II)	2	Unattributed	
796	Orange	54v	575	οε´	Rom 10:17 (I)	1	Unattributed	
797		54v	576	οϛ´ 	Rom 10:17 (II)	2	Unattributed	
798	Orange	54v	577	οζ´	Rom 10:18	1	Unattributed	
799	Orange	54v	578	οη´	Rom 10:19 (I)	1	Unattributed	
800		55r	579	οθ´ 	Rom 10:19 (II)	2	Unattributed	
801		55r	580	π´ 	Rom 10:19 (III)	3	Unattributed	
802		55r	581	πα´ 	Rom 10:19 (IV)	4	Unattributed	
803	Orange	55r	582	πβ´	Rom 10:20 (I)	1	Unattributed	
804		55r	583	πγ´	Rom 10:20 (II)	2	Unattributed	
805		55r	584	πδ´	Rom 10:20 (III)	3	Unattributed	
806	Orange	55r	585	πε´	Rom 10:21 (I)	1	Unattributed	
807	Green	55r	585Ph	Φωτ(ίου) 	Rom 10:20 (IV)	4	Phot., fr. Rom. (CPG C165.3): Staab, 1933, 524, 1–3 	
808		55r	586	πϛ´ 	Rom 10:21 (II)	1	Unattributed	
809	Orange	55r	587	πζ´	Rom 11:1 (I)	1	Unattributed	
810		55r	588	πη´	Rom 11:1 (II)	2	Unattributed	
811	Orange	55v	589	πθ´	Rom 11:2 (I)	1	Unattributed	
812		55v	590	ϟ´	Rom 11:2 (II)	2	Unattributed	
813	Orange	55v	591	ϟα´ 	Rom 11:3	1	Unattributed	
814	Orange	55v	592	ϟβ´	Rom 11:4 (I)	1	Unattributed	
815		55v	593	ϟγ´	Rom 11:4 (II)	2	Unattributed	
816	Orange	55v	594	ϟδ´	Rom 11:5 (I)	1	Unattributed	
817		55v	595	ϟε´	Rom 11:5 (II)	2	Unattributed	
818	Orange	56r	596	ϟϛ´	Rom 11:6 (I)	1	Unattributed	
819		56r	596Ph	Φωτ(ίου) 	Rom 11:6  (I)	2	Phot., fr. Rom. (CPG C165.3): Staab, 1933, 524, 4–29 	
820		56r	597	ϟζ´	Rom 11:6 (II)	3	Unattributed	
821	Orange	56r	598	ϟη´ 	Rom 11:7 (I)	1	Unattributed	
822		56r	599	ϟθ´	Rom 11:7 (II)	2	Unattributed	
823		56v	600	ρ´	Rom 11:7 (III)	3	Unattributed	
824	Orange	56v	601	α´	Rom 11:8 (I)	1	Unattributed	
825		56v	602	β´	Rom 11:8 (II)	2	Unattributed	
826		56v	603	γ´	Rom 11:8 (III)	3	Unattributed	
827	Orange	56v	604	δ´	Rom 11:9 (I)	1	Unattributed	
828		56v	605	ε´	Rom 11:9 (II)	2	Unattributed	
829		56v	606	ϛ´	Rom 11:9 (III)	3	Unattributed	
830		56v	607	ζ´	Rom 11:9 (IV)	4	Unattributed	
831	Orange	56v	608	η´	Rom 11:10 (I)	1	Unattributed	
832		56v	608ex	Sign	Rom 11:10 (II)	2	Oec., Rom.‒Heb. (CPG 7471): Staab, 1933, 430, 4–5	
833	Orange	57r	609	θ´	Rom 11:11 (I)	1	Unattributed	
834		57r	609Ph	Φωτ(ίου) 	Rom 11:11 (I)	2	Phot., fr. Rom. (CPG C165.3): Staab, 1933, 524, 30–34, 525, 1–41 	
835		57v	610	ι´	Rom 11:11 (II)	3	Unattributed	
836		57v	611	ια´ 	Rom 11:11 (III)	4	Unattributed	
837	Orange	57v	612	ιβ´ 	Rom 11:12 (I)	1	Unattributed	
838		57v	613	ιγ´	Rom 11:12 (II)	2	Unattributed	
839		57v	613Ph	Φωτ(ίου) 	Rom 11:12 (II)	3	Phot., fr. Rom. (CPG C165.3): Staab, 1933, 526, 1–5 	
840	Orange	57v	614	ιδ´ 	Rom 11:13	1	Unattributed	
841	Orange	57v	615	ιε´	Rom 11:14 (I)	1	Unattributed	
842		57v	616	ιϛ´	Rom 11:14 (II)	2	Unattributed	
843		57v	617	ιζ´	Rom 11:14 (III)	3	Unattributed	
844	Orange	58r	618	ιη´ 	Rom 11:15 (I)	1	Unattributed	
845		58r	618Pha	Φωτ(ίου) 	Rom 11:15 (I)	2	Phot., fr. Rom. (CPG C165.3): Staab, 1933, 526, 6–15 	
846		58r	618Phb	Φωτ(ίου) 	Rom 11:15 (I)	3	Phot., fr. Rom. (CPG C165.3): Staab, 1933, 526, 16–23 	
847		58r	619ex 	ιθ´ and Οἰκουμενίου	Rom 11:15 (II)	4	Oec., Rom.‒Heb. (CPG 7471): Staab, 1933, 430, 6–8	
848	Orange	58r	619Ph	Φωτ(ίου) 	Rom 11:16 (I)	1	Phot., fr. Rom. (CPG C165.3): Staab, 1933, 526, 24–27	
849		58r	620	κ´	Rom 11:16 (I)	2	Unattributed	
850		58r	621	κα´ 	Rom 11:16 (II)	3	Unattributed	
851		58r	621ex	Oἰκου(μενίου)	Rom 11:16 (II)	4	Oec., Rom.‒Heb. (CPG 7471): Staab, 1933, 430, 9–10	
852	Orange	58r	622	κβ´	Rom 11:17 (I)	1	Unattributed	
853		58r	623	κγ´	Rom 11:17 (II)	2	Unattributed	
854		58r	624	κδ´	Rom 11:17 (III)	3	Unattributed	
855		58v	625	κε´ 	Rom 11:17 (IV)	4	Unattributed	
856	Orange	58v	626	κϛ´	Rom 11:18 (I)	1	Unattributed	
857		58v	627	κζ´	Rom 11:18 (II)	2	Unattributed	
858	Orange	58v	628	κη´ 	Rom 11:19	1	Unattributed	
859	Orange	58v	629	κθ´	Rom 11:20 (I)	1	Unattributed	
860		58v	630	λ´	Rom 11:20 (II)	2	Unattributed	
861	Orange	58v	631	λα´ 	Rom 11:21 (I)	1	Unattributed	
862		58v	632	λβ´	Rom 11:21 (II)	2	Unattributed	
863	Orange	58v	633	λγ´	Rom 11:22 (I)	1	Unattributed	
864		59r	634	λδ´ 	Rom 11:22 (II)	2	Unattributed	
865		59r	635	λε´ 	Rom 11:22 (III)	3	Unattributed	
866	Orange	59r	636	λϛ´	Rom 11:23 (I)	1	Unattributed	
867		59r	637	λζ´	Rom 11:23 (II)	2	Unattributed	
868	Orange	59r	638	λη´ 	Rom 11:24 (I)	1	Unattributed	
869		59r	639	λθ´	Rom 11:24 (II)	2	Unattributed	
870	Orange	59r	640	μ´	Rom 11:25 (I)	1	Unattributed	
871		59r	641	μα´	Rom 11:25 (II)	2	Unattributed	The number is present only above the biblical lemma.
872		59r	641ex	Γενναδίου and sign 	Rom 11:25 (II)	3	Genn., fr. Rom. (CPG 5973): Staab, 1933, 400, 24–25, 401, 1–8	
873		59r	642	μβ´	Rom 11:25 (III)	4	Unattributed	
874		59v	643	μγ´ 	Rom 11:25 (IV)	5	Unattributed	
875	Orange	59v	643ex	Διονυσίου Ἀλεξανδρείας and sign 	Rom 11:26 (I)	1	Dion. Al., fr. Rom. (CPG 1591): Feltoe, 1904, 25 (see further Staab, 1926, 145)	
876		59v	644	μδ´	Rom 11:26 (II)	2	Unattributed	The number is present only in front of the scholium.
877		59v	645	με´ 	Rom 11:26 (III)	3	Unattributed	
878	Orange	59v	646	μϛ´	Rom 11:27	1	Unattributed	
879	Orange	59v	647	μζ´ 	Rom 11:28 (I)	1	Unattributed	
880		59v	647Ph	Φωτ(ίου) 	Rom 11:28 (I)	2	Phot., fr. Rom. (CPG C165.3): Staab, 1933, 526, 28–31, 527, 1–23 	
881		60r	648	μη´ 	Rom 11:28 (II)	3	Unattributed	
882		60r	648ex	Oἰκουμενίου	Rom 11:28 (III)	4	Oec., Rom.‒Heb. (CPG 7471): Staab, 1933, 430, 11–15	
883	Orange	60r	649ex	μθ and Οἰκουμενίου	Rom 11:29	1	Oec., Rom.‒Heb. (CPG 7471): Staab, 1933, 430, 15	
884	Orange	60r	650	ν´ 	Rom 11:30 (I)	1	Unattributed	
885		60r	650Ph	Φωτ(ίου) 	Rom 11:30 (I)	2	Phot., fr. Rom. (CPG C165.3): Staab, 1933, 527, 24–38, 528, 1–15	
886	Orange	60v	651	να´ 	Rom 11:32 (I)	1	Unattributed	
887		60v	652	νβ´	Rom 11:32 (II)	2	Unattributed	
888	Green	60v	652Ph	Φωτ(ίου) 	Rom 11:32 (I)	3	Phot., fr. Rom. (CPG C165.3): Staab, 1933, 528, 16–23	
889	Orange	60v	653	νγ´ 	Rom 11:33 (I)	1	Unattributed	
890		60v	654	νδ´	Rom 11:33 (II)	2	Unattributed	
891		60v	655	νε´ 	Rom 11:33 (III)	3	Unattributed	
892		60v	656	νϛ´	Rom 11:33 (IV)	4	Unattributed	
893		60v	657	νζ´ 	Rom 11:33 (V)	5	Unattributed	
894	Orange	60v	658	νη´ 	Rom 11:34	1	Unattributed	
895	Orange	60v	659	νθ´ 	Rom 11:35	1	Unattributed	
896	Orange	60v	660	ξ´	Rom 11:36 (I)	1	Unattributed	
897		60v	661	ξα´ 	Rom 11:36 (II)	2	Unattributed	
898		60v	662	ξβ´ 	Rom 11:36 (III)	3	Unattributed	
899		60v	663	ξγ´	Rom 11:36 (IV)	4	Unattributed	
900	Green	60v	663Ph	Φωτ(ίου) 	Rom 11:32 (I)	4	Phot., fr. Rom. (CPG C165.3): Staab, 1933, 528, 24–37	
901	Orange	61r	664	ξδ´	Rom 12:1 (I)	1	Unattributed	
902		61r	665	ξε´ 	Rom 12:1 (III)	2	Unattributed	
903		61r	666	ξϛ´	Rom 12:1 (IV)	3	Unattributed	
904		61r	666Ph	Φωτ(ίου) 	Rom 12:1 (II)	4	Phot., fr. Rom. (CPG C165.3): Staab, 1933, 529, 1–20	
905		61r	667	ξζ´	Rom 12:1 (V)	5	Unattributed	
906	Orange	61v	668ex	ξη´ and Οἰκουμενίου	Rom 12:2 (I)	1	Oec., Rom.‒Heb. (CPG 7471): Staab, 1933, 430, 16	
907		61v	669	ξθ´ 	Rom 12:2 (I)	2	Unattributed	
908		61v	669Ph	Φωτ(ίου) 	Rom 12:2 (I)	3	Phot., fr. Rom. (CPG C165.3): Staab, 1933, 529, 21–35	
909		61v	670	ο´	Rom 12:2 (II)	4	Unattributed	
910		61v	671	οα´ 	Rom 12:2 (III)	5	Unattributed	
911		61v	672	οβ´	Rom 12:2 (IV)	6	Unattributed	
912		61v	673	ογ´	Rom 12:2 (V)	7	Unattributed	
913	Orange	62r	674	οδ´	Rom 12:3 (I)	1	Unattributed	
914		62r	674Ph	Φωτ(ίου) 	Rom 12:3 (I)	2	Phot., fr. Rom. (CPG C165.3): Staab, 1933, 530, 1–11	
915		62r	675	οε´	Rom 12:3 (II)	3	Unattributed	
916		62r	676	οϛ´	Rom 12:3 (III)	4	Unattributed	
917		62r	677	οζ´	Rom 12:3 (IV)	5	Unattributed	
918		62r	678	οη´	Rom 12:3 (V)	6	Unattributed	
919		62r	678Ph	Φωτ(ίου) 	Rom 12:3 (IV)	7	Phot., fr. Rom. (CPG C165.3): Staab, 1933, 530, 12–20	
920	Orange	62r	679	οθ´	Rom 12:4	1	Unattributed	
921	Orange	62r	680	π´	Rom 12:5	1	Unattributed	
922	Orange	62v	681	πα´ 	Rom 12:6 (I)	1	Unattributed	
923		62v	682	πβ´	Rom 12:6 (II)	2	Unattributed	
924		62v	682Ph	Φωτ(ίου) 	Rom 12:6 (I)	3	Phot., fr. Rom. (CPG C165.3): Staab, 1933, 530, 21–32, 531, 1–30	
925		63r	683	πγ´	Rom 12:6 (III)	4	Unattributed	
926		63r	683ex	Sign	Rom 12:6 (IV)	5	Unattributed	
927	Orange	63r	684	πδ´	Rom 12:7	1	Unattributed	
928	Orange	63r	684exa	Sign	Rom 12:8 (I)	1	Unattributed	
929		63r	684exb	Sign	Rom 12:8 (II)	2	Unattributed	
930		63r	684exc	Sign	Rom 12:8 (III)	3	Unattributed	
931		63r	684exd	Sign	Rom 12:8 (IV)	4	Unattributed	
932		63r	685	πε´	Rom 12:8 (V)	5	Unattributed	
933		63r	685Ph	Φωτ(ίου) 	Rom 12:8 (V)	6	Phot., fr. Rom. (CPG C165.3): Staab, 1933, 531, 31–35, 532, 1–3	
934		63r	686	πϛ´	Rom 12:8 (VI)	7	Unattributed	The number is present only above the biblical lemma.
935		63r	687	πζ´	Rom 12:8 (VII)	8	Unattributed	
936	Orange	63r	688	πη´	Rom 12:9 (I)	1	Unattributed	
937		63r	688ex	Sign	Rom 12:9 (II)	2	Unattributed	
938		63r	689	πθ´	Rom 12:9 (III)	3	Unattributed	
939		63r	690	ϟ´	Rom 12:9 (IV)	4	Unattributed	The number is present only in front of the scholium.
940		63r	690Ph	Φωτ(ίου) 	Rom 12:9 (IV)	5	Phot., fr. Rom. (CPG C165.3): Staab, 1933, 532, 4–12	
941	Orange	63v	691	ϟα´ 	Rom 12:10	1	Unattributed	
942	Orange	63v	692	ϟβ´ 	Rom 12:11 (I)	1	Unattributed	
943		63v	693	ϟγ´ 	Rom 12:11 (II)	2	Unattributed	
944		63v	694	ϟδ´	Rom 12:11 (III)	3	Unattributed	
945	Orange	63v	695	ϟε´	Rom 12:12 (I)	1	Unattributed	
946		63v	696	ϟϛ´	Rom 12:12 (II)	2	Unattributed	
947		63v	697	ϟζ´	Rom 12:12 (III)	3	Unattributed	
948	Orange	63v	698	ϟη´	Rom 12:13 (I)	1	Unattributed	
949		63v	699	ϟθ´	Rom 12:13 (II)	2	Unattributed	
950	Orange	63v	700	ρ´	Rom 12:14	1	Unattributed	
951	Orange	63v	701	α´	Rom 12:15	1	Unattributed	
952	Orange	63v	702	β´	Rom 12:16 (I)	1	Unattributed	
953	Green	63v	702Pha	Φωτ(ίου) 	Rom 12:13 (I)	3	Phot., fr. Rom. (CPG C165.3): Staab, 1933, 532, 13–17	
954		64r	702Phb	Φωτ(ίου) 	Rom 12:16 (I)	1	Absent from Staab	
955		64r	703	γ´	Rom 12:16 (II)	2	Unattributed	
956	Orange	64r	704	δ´	Rom 12:17 (I)	1	Unattributed	
957		64r	705	ε´	Rom 12:17 (II)	2	Unattributed	
958	Orange	64r	706	ϛ´	Rom 12:18	1	Unattributed	
959	Orange	64r	707	ζ´	Rom 12:19 (I)	1	Unattributed	
960		64r	707ex	Ἰω(άννου)	Rom 12:19 (I)	2	Chrys., hom 1‒32 in Rom. (CPG 4427), fr. hom. 22: Field, 1854, 376, D 7–E 2, or Jo. D., Rom.‒Philm. (CPG 8079): Volk, 2013, 120, 2303–2307	
961		64r	708	η´ 	Rom 12:19 (II)	3	Unattributed	
962		64r	709	θ´	Rom 12:19 (III)	4	Unattributed	
963	Orange	64r	710	ι´	Rom 12:20 (I)	1	Unattributed	
964		64v	710Ph	Φωτ(ίου) 	Rom 12:20 (I)	2	Phot., fr. Rom. (CPG C165.3): Staab, 1933, 532, 18–29	
965	Orange	64v	711	ια´ 	Rom 12:21 (I)	1	Unattributed	
966	Green	64v	711Ph	Φωτ(ίου) 	Rom 12:20 (I)	3	Phot., fr. Rom. (CPG C165.3): Staab, 1933, 533, 1–14	
967	Orange	64v	712	ιβ´	Rom 13:1 (I)	1	Unattributed	
968		64v	713	ιγ´	Rom 13:1 (II)	2	Unattributed	
969		65r	714	ιδ´	Rom 13:1 (III)	3	Unattributed	
970	Orange	65r	715	ιε´	Rom 13:2 (I)	1	Unattributed	
971		65r	715Ph	Φωτ(ίου) 	Rom 13:2 (I)	2	Phot., fr. Rom. (CPG C165.3): Staab, 1933, 533, 15–30	
972		65r	716	ιϛ´	Rom 13:2 (II)	3	Unattributed	
973	Orange	65r	717	ιζ´	Rom 13:3 (I)	1	Unattributed	
974		65r	718	ιη´	Rom 13:3 (II)	2	Unattributed	
975		65r	719	ιθ´ 	Rom 13:3 (III)	3	Unattributed	
976		65r	720	κ´ 	Rom 13:3 (IV)	4	Unattributed	
977	Orange	65v	721	κα´ 	Rom 13:4 (I)	1	Unattributed	
978		65v	721Ph	Φωτ(ίου) 	Rom 13:4 (I)	2	Phot., fr. Rom. (CPG C165.3): Staab, 1933, 533, 31–37	
979		65v	722	κβ´	Rom 13:4 (II)	3	Unattributed	
980		65v	723	κγ´	Rom 13:4 (III)	4	Unattributed	
981		65v	724	κδ´	Rom 13:4 (IV)	5	Unattributed	
982	Orange	65v	725	κε´ 	Rom 13:5 (I)	1	Unattributed	
983		65v	725Pha	Φωτ(ίου) 	Rom 13:5 (I)	2	Phot., fr. Rom. (CPG C165.3): Staab, 1933, 534, 1–7	
984		65v	725Phb	Φωτ(ίου) 	Rom 13:5 (II)	3	Phot., fr. Rom. (CPG C165.3): Staab, 1933, 534, 8–10	
985	Orange	65v	726	κϛ´	Rom 13:6 (I)	1	Unattributed	
986		65v	727	κζ´ 	Rom 13:6 (II)	2	Unattributed	
987		65v	728	κη´ 	Rom 13:6 (III)	3	Unattributed	
988	Orange	65v	729	κθ´	Rom 13:7 (I)	1	Unattributed	
989		65v	730	λ´	Rom 13:7 (II)	2	Unattributed	
990		66r	731	λα´ 	Rom 13:7 (III)	3	Unattributed	
991	Orange	66r	732	λβ´	Rom 13:8 (I)	1	Unattributed	
992		66r	733	λγ´	Rom 13:8 (II)	2	Unattributed	
993		66r	733Ph	Φωτ(ίου) 	Rom 13:8 (II)	3	Phot., fr. Rom. (CPG C165.3): Staab, 1933, 534, 11–33	
994	Orange	66r	734	λδ´ 	Rom 13:9 (I)	1	Unattributed	
995		66r	735	λε´	Rom 13:9 (II)	2	Unattributed	
996	Orange	66v	736	λϛ´	Rom 13:10 (I)	1	Unattributed	
997	Orange	66v	736ex	Σευηρι(ανοῦ) and sign 	Rom 13:11 (I)	1	Sever., Rom.‒Heb. (CPG 4219): Staab, 1933, 224, 22–28, or Diod., Rom. (CPG 3819): Staab, 1933, 108, 12–13, and 19–22	
998		66v	736Ph	Φωτ(ίου) 	Rom 13:11 (I)	2	Phot., fr. Rom. (CPG C165.3): Staab, 1933, 535, 1–27	
999		66v	737	λζ´	Rom 13:11 (I)	3	Unattributed	
1000		66v	738	λη´	Rom 13:11 (II)	4	Unattributed	
1001		66v	739	λθ´	Rom 13:11 (III)	5	Unattributed	
1002		66v	740	μ´ 	Rom 13:11 (IV)	6	Unattributed	
1003		67r	741	μα´ 	Rom 13:11 (V)	7	Unattributed	
1004		67r	742	μβ´ 	Rom 13:11 (VI)	8	Unattributed	
1005	Orange	67r	743	μγ´ 	Rom 13:12 (I)	1	Unattributed	
1006		67r	744	μδ´ 	Rom 13:12 (II)	2	Unattributed	
1007	Orange	67r	745	με´ 	Rom 13:13 (I)	1	Unattributed	
1008		67r	745Ph	Φωτ(ίου) 	Rom 13:13 (I)	2	Phot., fr. Rom. (CPG C165.3): Staab, 1933, 535, 28–33	
1009		67r	746	μϛ´	Rom 13:13 (II)	3	Unattributed	
1010		67r	747	μζ´	Rom 13:13 (III)	4	Unattributed	
1011		67r	748	μη´	Rom 13:13 (IV)	5	Unattributed	
1012	Orange	67r	749	μθ´  	Rom 13:14 (I)	1	Unattributed	
1013		67r	750	ν´ 	Rom 13:14 (II)	2	Unattributed	
1014	Orange	67v	751	να´ 	Rom 14:1 (I)	1	Unattributed	
1015		67v	751Ph	Φωτ(ίου) 	Rom 14:1 (I)	2	Phot., fr. Rom. (CPG C165.3): Staab, 1933, 536, 1–22	
1016		67v	752	νβ´ 	Rom 14:1 (II)	3	Unattributed	
1017	Orange	67v	753	νγ´	Rom 14:2	1	Unattributed	
1018	Orange	68r	754	νδ´	Rom 14:3 (I)	1	Unattributed	
1019		68r	755	νε´	Rom 14:3 (II)	2	Unattributed	
1020		68r	756	vϛ´	Rom 14:3 (III)	3	Unattributed	
1021	Orange	68r	756ex	Σευήρου and sign 	Rom 14:4 (I)	1	Sever., Rom.‒Heb. (CPG 4219): Staab, 1933, 224, 29–31	
1022		68r	757	νζ´ 	Rom 14:4 (II)	2	Unattributed	
1023		68r	758	νη´ 	Rom 14:4 (III)	3	Unattributed	
1024		68r	759	νθ´ 	Rom 14:4 (IV)	4	Unattributed	
1025	Orange	68r	760	ξ´ 	Rom 14:5 (I)	1	Unattributed	
1026		68r	760Ph	Φωτ(ίου) 	Rom 14:5 (I)	2	Phot., fr. Rom. (CPG C165.3): Staab, 1933, 536, 22–30	
1027		68r	761	ξα´ 	Rom 14:5 (II)	3	Unattributed	
1028	Orange	68v	762	ξβ´	Rom 14:6 (I)	1	Unattributed	
1029		68v	762exa	Oἰκου(μενίου)	Rom 14:6 (I)	2	Oec., Rom.‒Heb. (CPG 7471): Staab, 1933, 431, 1–2	
1030		68v	762exb	Sign	Rom 14:6 (I)	3	Genn., fr. Rom. (CPG 5973): Staab, 1933, 410, 33–34, 411, 1–2	
1031		68v	763	ξγ´ 	Rom 14:6 (II)	4	Unattributed	
1032		68v–69r	763Ph	Φωτ(ίου) 	Rom 14:6 (I)	5	Phot., fr. Rom. (CPG C165.3): Staab, 1933, 536, 31–33, 537, 1–38, 538, 1–5	
1033		69r	764	ξδ´	Rom 14:6 (II)	6	Unattributed	
1034	Orange	69r	765	ξε´	Rom 14:7	1	Unattributed	
1035	Orange	69r	766	ξϛ´	Rom 14:8 (I)	1	Unattributed	
1036		69r	767	ξζ´	Rom 14:8 (II)	2	Unattributed	
1037	Orange	69r	768	ξη´	Rom 14:9 (I)	1	Unattributed	
1038		69r	769	ξθ´	Rom 14:9 (II)	2	Unattributed	
1039	Orange	69r	770	ο´	Rom 14:10 (I)	1	Unattributed	The scholium is added in the margin by the same hand.
1040		69r	771	οα´ 	Rom 14:10 (II)	2	Unattributed	
1041		69r	772	οβ´	Rom 14:10 (III)	3	Unattributed	
1042	Orange	69v	773	ογ´	Rom 14:11 (I)	1	Unattributed	
1043		69v	774	οδ´	Rom 14:11 (II)	2	Unattributed	
1044		69v	775	οε´	Rom 14:11 (III)	3	Unattributed	
1045	Orange	69v	776ex	οϛ´ and Oἰκουμενίου	Rom 14:12	1	Oec., Rom.‒Heb. (CPG 7471): Staab, 1933, 431, 3–6	
1046	Orange	69v	777	οζ´ 	Rom 14:13 (I)	1	Unattributed	
1047		69v	778	οη´	Rom 14:13 (II)	2	Unattributed	
1048	Orange	69v	779	οθ´	Rom 14:14 (I)	1	Unattributed	
1049		69v	779Ph	Φωτ(ίου) 	Rom 14:14 (I)	2	Phot., fr. Rom. (CPG C165.3): Staab, 1933, 538, 6–11	
1050		70r	779exa	Θεοδω(ρήτου) and sign 	Rom 14:14 (I)	3	Thdt., Rom., IV, 20 (CPG 6209): Lorrain, 2015a, 312.29, 6–9	
1051		70r	779exb	Sign	Rom 14:14 (II)	4	Chrys., hom 1‒32 in Rom. (CPG 4427), fr, hom. 26: Field, 1854, 420, D 1–2	
1052		70r	779exc	Σευηρι(ανοῦ)	Rom 14:14 (II)	5	Sever., Rom.‒Heb. (CPG 4219): Staab, 1933, 225, 1	
1053		70r	780	π´	Rom 14:14 (II)	6	Unattributed	
1054	Orange	70r	781	πα´	Rom 14:15 (I)	1	Unattributed	
1055		70r	782	πβ´	Rom 14:15 (II)	2	Unattributed	
1056		70r	783	πγ´	Rom 14:15 (III)	3	Unattributed	
1057		70r	783ex	Oἰκου(μενίου)	Rom 14:15 (III)	4	Oec., Rom.‒Heb. (CPG 7471): Staab, 1933, 431, 7–8	
1058	Orange	70r	784	πδ´	Rom 14:16 (I)	1	Unattributed	
1059		70r	785	πε´	Rom 14:16 (II)	2	Unattributed	
1060		70r	785ex	Oἰκου(μενίου)	Rom 14:16 (II)	3	Oec., Rom.‒Heb. (CPG 7471): Staab, 1933, 431, 9	
1061		70v	785Ph	Φωτ(ίου) 	Rom 14:16 (I and II)	4	Phot., fr. Rom. (CPG C165.3): Staab, 1933, 538, 12–28	
1062	Orange	70v	786	πϛ´	Rom 14:17 (I)	1	Unattributed	
1063		70v	786Ph	Φωτ(ίου) 	Rom 14:17 (I)	2	Phot., fr. Rom. (CPG C165.3): Staab, 1933, 538, 29–34	
1064		70v	787	πζ´	Rom 14:17 (II)	3	Unattributed	
1065	Orange	70v	787Ph	Φωτ(ίου) 	Rom 14:18 (I)	1	Phot., fr. Rom. (CPG C165.3): Staab, 1933, 539, 1–4	
1066		70v	788	πη´	Rom 14:18 (II)	2	Unattributed	
1067		70v	789	πθ´	Rom 14:18 (III)	3	Unattributed	
1068	Orange	70v	790	ϟ´	Rom 14:19 	1	Unattributed	
1069	Orange	70v	791	ϟα´	Rom 14:20 (I)	1	Unattributed	
1070		70v	792ex	ϟβ´ and Oἰκου(μενίου)	Rom 14:20 (II)	2	Unattributed	
1071		70v	793	ϟγ´	Rom 14:20 (III)	3	Unattributed	
1072		70v	794	ϟδ´	Rom 14:20 (IV)	4	Unattributed	
1073	Orange	71r	795	ϟε´	Rom 14:21 (I)	1	Unattributed	
1074		71r	796	ϟϛ´	Rom 14:21 (II)	2	Unattributed	
1075	Orange	71r	797	ϟζ´	Rom 14:22 (I)	1	Unattributed	
1076		71r	798	ϟη´	Rom 14:22 (II)	2	Unattributed	
1077		71r	798Ph	Φωτ(ίου) 	Rom 14:22 (II)	3	Phot., fr. Rom. (CPG C165.3): Staab, 1933, 539, 5–17	
1078	Orange	71r	799	ϟθ´	Rom 14:23 	1	Unattributed	
1079	Orange	71v	800	ρ´	Rom 16:25 (I)	1	Unattributed	
1080			801	α´	Rom 16:25 (II)	2	Unattributed	
1081		71v	801ex	Oἰκουμενίου	Rom 16:25 (III)	3	Oec., Rom.‒Heb. (CPG 7471): Staab, 1933, 432, 1	
1082		71v	802	β´ 	Rom 16:25 (IV)	4	Unattributed	
1083		71v	803	γ´	Rom 16:25 (V)	5	Unattributed	
1084	Orange	71v	803ex	–	Rom 16:26 (I)	1	Unattributed	
1085	Green	71v	803Pha	Φωτ(ίου) 	Rom 16:25 (IV)	6	Phot., fr. Rom. (CPG C165.3): Staab, 1933, 542, 8–15	
1086	Green	71v–72r	803Phb	– 	Rom 16:25 (IV)	7	Phot., fr. Rom. (CPG C165.3): Staab, 1933, 542, 16–28, 543, 1–39	
1087		72r	804	δ´	Rom 16:26 (II)	2	Unattributed	
1088		72r	805	ε´	Rom 16:26 (III)	3	Unattributed	
1089		72r	806	ϛ´	Rom 16:26 (IV)	4	Unattributed	
1090	Orange	72r	807	ζ´	Rom 16:27 (I)	1	Unattributed	
1091		72r	808	η´	Rom 16:27 (II)	2	Unattributed	
1092		72r	808ex	Oἰκου(μενίου)	Rom 16:27 (II)	3	Oec., Rom.‒Heb. (CPG 7471): Staab, 1933, 432, 2–3	
1093		72r	808Ph	Sign 	Rom 16:27 (II)	4	Phot., fr. Rom. (CPG C165.3): Staab, 1933, 544, 1–5	
1094	Orange	72r	809	θ´ 	Rom 15:1 (I)	1	Unattributed	
1095		72v	810	ι´ 	Rom 15:1 (II)	2	Unattributed	
1096	Orange	72v	811	ια´ 	Rom 15:2	1	Unattributed	
1097	Orange	72v	812	ιβ´	Rom 15:3 (I)	1	Unattributed	
1098		72v	812ex	Ἰωάννου and sign 	Rom 15:3 (I)	2	Chrys., hom 1‒32 in Rom. (CPG 4427), fr. hom. 27: Field, 1854, 434, A 6–B 3, or Jo. D., Rom.‒Philm. (CPG 8079): Volk, 2013, 132, 2591, 133, 2592–2593	
1099		72v	813	ιγ´	Rom 15:3 (II)	3	Unattributed	
1100	Orange	72v	814	ιδ´	Rom 15:4 (I)	1	Unattributed	
1101		72v	815	ιε´	Rom 15:4 (II)	2	Unattributed	
1102	Orange	73r	816	ιϛ´	Rom 15:5 (I)	1	Unattributed	
1103		73r	817	ιζ´	Rom 15:5 (II)	2	Unattributed	
1104	Orange	73r	818	ιη´ 	Rom 15:6	1	Unattributed	
1105	Orange	73r	819	ιθ´	Rom 15:7 (I)	1	Unattributed	
1106		73r	820	κ´	Rom 15:7 (II)	2	Unattributed	
1107	Orange	73v	821	κα´ 	Rom 15:8 (I)	1	Unattributed	
1108		73v	821Ph	Φωτ(ίου) 	Rom 15:8 (I)	2	Phot., fr. Rom. (CPG C165.3): Staab, 1933, 539, 18–32, 540, 1–6	
1109		73v	821ex	Sign	Rom 15:8 (II)	3	Oec., Rom.‒Heb. (CPG 7471): Staab, 1933, 431, 12–14	
1110		73v	822	κβ´	Rom 15:8 (III)	4	Unattributed	
1111	Green	73v	822Ph	Φωτ(ίου) 	Rom 15:8 (II)	5	Phot., fr. Rom. (CPG C165.3): Staab, 1933, 540, 7–15	
1112		73v	823	κγ´	Rom 15:8 (IV)	6	Unattributed	
1113	Orange	74r	824	κδ´ 	Rom 15:9 (I)	1	Unattributed	
1114		74r	824ex	Ἰω(άννου) εἰς τὸ ὅλον χω(ρίον) ἀπό τοῦ λέγω δὲ Χ(ριστὸ)ν Ἰ(ησοῦ)ν διάκονον and sign 	Rom 15:9 (I)	2	Chrys., hom 1‒32 in Rom. (CPG 4427), fr. hom. 28: Field, 1854, 440, A 2, 441, E 6, or Jo. D., Rom.‒Philm. (CPG 8079): Volk, 2013, 133, 2602–134, 2633	
1115		74r	825	κε´ 	Rom 15:9 (III)	3	Unattributed	
1116	Orange	74r	826	κϛ´	Rom 15:12	1	Unattributed	
1117	Orange	74v	827	κζ´	Rom 15:13 (I)	1	Unattributed	
1118		74v	828	κη´	Rom 15:13 (II)	2	Unattributed	
1119	Orange	74v	829	κθ´ 	Rom 15:14 (I)	1	Unattributed	
1120	Green	74v	829Ph	Φωτ(ίου) 	Rom 15:13 (I)	3	Phot., fr. Rom. (CPG C165.3): Staab, 1933, 540, 16–22)	
1121		74v	830	λ´	Rom 15:14 (II)	2	Unattributed	
1122		74v	831	λα´ 	Rom 15:14 (III)	3	Unattributed	
1123		74v	832	λβ´	Rom 15:14 (IV)	4	Unattributed	
1124	Orange	75r	833	λγ´	Rom 15:15 (I)	1	Unattributed	
1125		75r	833ex	Sign	Rom 15:15 (II)	2	Unattributed	
1126	Green	75r	833Pha	Φωτ(ίου) and sign 	Rom 15:15 (I)	3	Phot., fr. Rom. (CPG C165.3): Staab, 1933, 540, 23–34, 541, 1–15	
1127	Green	75r	833Phb	Eἰς τὸν αὐτὸν and sign 	Rom 15:15 (I)	4	Phot., fr. Rom. (CPG C165.3): Staab, 1933, 541, 16–20	
1128		75r	834	λδ´	Rom 15:15 (III)	5	Unattributed	
1129	Orange	75r	835	λε´ 	Rom 15:16 (I)	1	Unattributed	
1130		75v	836	λϛ´	Rom 15:16 (II)	2	Unattributed	
1131		75r	837	λζ´ 	Rom 15:16 (III)	3	Unattributed	
1132	Orange	75r	838	λη´	Rom 15:17 (I)	1	Unattributed	
1133		75r	838Ph	Φωτ(ίου) 	Rom 15:17 (I)	2	Phot., fr. Rom. (CPG C165.3): Staab, 1933,. 1933, 541, 21–34	
1134	Orange	75r	839	λθ´ 	Rom 15:18 (I)	1	Unattributed	
1135		75r	840	μ´ 	Rom 15:18 (II)	2	Unattributed	
1136	Orange	75r	841	μα´ 	Rom 15:19 (I)	1	Unattributed	
1137		75r	842	μβ´ 	Rom 15:19 (II)	2	Unattributed	
1138	Orange	76r	843	μγ´	Rom 15:20 (I)	1	Unattributed	
1139		76r	843ex	Σευηριανοῦ and sign 	Rom 15:20 (I)	2	Sever., Rom.‒Heb. (CPG 4219): Staab, 1933, 225, 2–4, or Diod., Rom. (CPG 3819): Staab, 1933, 111, 15–19	
1140		76r	844	μδ´ 	Rom 15:20 (II)	3	Unattributed	
1141	Orange	76r	845	με´ 	Rom 15:21	1	Unattributed	
1142	Orange	76r	846	μϛ´	Rom 15:22 (I)	1	Unattributed	
1143		76r	847	μζ´	Rom 15:22 (II)	2	Unattributed	
1144	Orange	76r	848	μη´ 	Rom 15:23 (I)	1	Unattributed	
1145		76r	849	μθ´  	Rom 15:23 (II)	2	Unattributed	
1146	Orange	76r	850	ν´ 	Rom 15:24 (I)	1	Unattributed	
1147		76v	851	να´ 	Rom 15:24 (II)	2	Unattributed	
1148		76v	852	νβ´	Rom 15:24 (III)	3	Unattributed	
1149	Orange	76v	853	νγ´	Rom 15:25 (I)	1	Unattributed	
1150		76v	854	νδ´ 	Rom 15:25 (II)	2	Unattributed	
1151	Orange	76v	855	νε´ 	Rom 15:26 (I)	1	Unattributed	
1152		76v	856	νϛ´	Rom 15:26 (II)	2	Unattributed	
1153		76v	857	νζ´ 	Rom 15:26 (III)	3	Unattributed	
1154	Orange	76v	858	νη´ 	Rom 15:27 (I)	1	Unattributed	
1155		76v	859	νθ´ 	Rom 15:27 (II)	2	Unattributed	
1156	Orange	76v	860	ξ´ 	Rom 15:28 (I)	1	Unattributed	
1157		76v	861	ξα´	Rom 15:28 (II)	2	Unattributed	
1158		77r	862	ξβ´ 	Rom 15:28 (III)	3	Unattributed	
1159	Orange	77r	863	ξγ´	Rom 15:29 (I)	1	Unattributed	
1160		77r	863ex	Oἰκουμενίου	Rom 15:29 (I)	2	Oec., Rom.‒Heb. (CPG 7471): Staab, 1933, 431, 16–18	
1161	Orange	77r	864	ξδ´ 	Rom 15:30 (I)	1	Unattributed	
1162		77r	865	ξε´ 	Rom 15:30 (II)	2	Unattributed	
1163	Orange	77r	866	ξϛ´	Rom 15:31 (I)	1	Unattributed	
1164		77r	867	ξζ´ 	Rom 15:31 (II)	2	Unattributed	
1165		77r	868	ξη´ 	Rom 15:31 (III)	3	Unattributed	
1166	Orange	77r	869	ξθ´	Rom 15:32 (I)	1	Unattributed	
1167		77r	870	ο´ 	Rom 15:32 (II)	2	Unattributed	
1168		77r	871	οα´ 	Rom 15:32 (III)	3	Unattributed	
1169		77r	871Ph	Φωτ(ίου) and sign 	Rom 15:32 (III)	4	Phot., fr. Rom. (CPG C165.3): Staab, 1933, 542, 1–3	
1170	Orange	77r	872	οβ´	Rom 15:33	1	Unattributed	
1171	Orange	77v	873	ογ´	Rom 16:1 	1	Unattributed	
1172	Orange	77v	874	οδ´	Rom 16:2 (I)	1	Unattributed	
1173		77v	875	οε´	Rom 16:2 (II)	2	Unattributed	
1174		77v	876	οϛ´	Rom 16:2 (III)	3	Unattributed	
1175	Orange	77v	877	οζ´	Rom 16:3 (I)	1	Unattributed	
1176		77v	878	οη´	Rom 16:3 (II)	2	Unattributed	
1177	Orange	77v	879	οθ´	Rom 16:4	1	Unattributed	
1178	Orange	77v	880	π´	Rom 16:5 (I)	1	Unattributed	
1179		77v	881	πα´ 	Rom 16:5 (II)	2	Unattributed	
1180	Orange	78r	882	πβ´	Rom 16:6 (I)	1	Unattributed	
1181		78r	883	πγ´	Rom 16:6 (II)	2	Unattributed	
1182	Orange	78r	884	πδ´	Rom 16:7 (I)	1	Unattributed	
1183		78r	885	πε´	Rom 16:7 (II)	2	Unattributed	
1184		78r	886	πϛ´	Rom 16:7 (III)	3	Unattributed	
1185	Orange	78r	887	πζ´	Rom 16:8	1	Unattributed	
1186	Orange	78r	888	πη´	Rom 16:9 (I)	1	Unattributed	
1187	Orange	78r	889	πθ´	Rom 16:10 (I)	1	Unattributed	
1188		78r	890	ϟ´	Rom 16:10 (II)	2	Unattributed	
1189	Orange	78r	891	ϟα´	Rom 16:11 (I)	1	Unattributed	
1190	Green	78r	891Ph	Φωτ(ίου) 	Rom 16:9 (II)	2	Phot., fr. Rom. (CPG C165.3): Staab, 1933, 542, 4–5	
1191	Orange	78r	892	ϟβ´ 	Rom 16:12 (I)	1	Unattributed	
1192		78v	893	ϟγ´	Rom 16:12 (II)	2	Unattributed	
1193	Orange	78v	894	ϟδ´	Rom 16:13	1	Unattributed	
1194	Orange	78v	895	ϟε´	Rom 16:14 	1	Unattributed	
1195	Orange	78v	895Ph	Φωτ(ίου) 	Rom 16:15 (I)	1	Phot., fr. Rom. (CPG C165.3): Staab, 1933, 542, 6–7	
1196		78v	896	ϟϛ´	Rom 16:15 (II)	2	Unattributed	
1197	Orange	78v	897	ϟζ´	Rom 16:16 (I)	1	Unattributed	
1198		78v	898	ϟη´ 	Rom 16:16 (II)	2	Unattributed	
1199		78v	899	ϟθ´ 	Rom 16:16 (III)	3	Unattributed	
1200	Orange	78v	900	ρ´	Rom 16:17 (I)	1	Unattributed	
1201		78v	901	α´	Rom 16:17 (II)	2	Unattributed	
1202		78v	902	β´	Rom 16:17 (III)	3	Unattributed	
1203		78v	903	γ´	Rom 16:17 (IV)	4	Unattributed	
1204		78v	904	δ´	Rom 16:17 (V)	5	Unattributed	
1205	Orange	79r	905	ε´	Rom 16:18 (I)	1	Unattributed	
1206		79r	906	ϛ´	Rom 16:18 (II)	2	Unattributed	
1207	Orange	79r	907	ζ´	Rom 16:19 (I)	1	Unattributed	
1208		79r	908	η´	Rom 16:19 (II)	2	Unattributed	
1209		79r	909	θ´	Rom 16:19 (III)	3	Unattributed	
1210		79r	909ex	Σευηριανοῦ and sign 	Rom 16:19 (III)	4	Sever., Rom.‒Heb. (CPG 4219): Staab, 1933, 225, 21–23, or Diod., Rom. (CPG 3819): Staab, 1933, 111, 21–23	
1211	Orange	79r	910	ι´	Rom 16:20 (I)	1	Unattributed	
1212		79r	911	ια´ 	Rom 16:20 (II)	2	Unattributed	
1213		79r	912	ιβ´	Rom 16:20 (III)	3	Unattributed	
1214		79v	913	ιγ´	Rom 16:20 (IV)	4	Unattributed	
1215	Orange	79v	914	ιδ´ 	Rom 16:21 (I)	1	Unattributed	
1216		79v	915	ιε´	Rom 16:21 (II)	2	Unattributed	
1217	Orange	79v	916	ιϛ´	Rom 16:22 	1	Unattributed	
1218	Orange	79v	917	ιζ´	Rom 16:23 (I)	1	Unattributed	
1219		79v	918	ιη´	Rom 16:23 (II)	2	Unattributed	
1220	Orange	79v	919	ιθ´	Rom 16:24 (I)	1	Unattributed	
1221		79v	920	κ´ 	Rom 16:24 (II)	2	Unattributed	